clip	label	frames	face_frames	occ_frames	max_ioa	mean_ioa
01April_2010_Thursday_tagesschau-4322	occluded	85	85	10	0.2975	0.0703
01April_2010_Thursday_tagesschau-4325	clean	137	137	3	0.5387	0.0119
01April_2011_Friday_tagesschau-3383	clean	106	106	5	0.5418	0.0265
01August_2011_Monday_heute-4850	occluded	52	52	8	0.4750	0.0663
01August_2011_Monday_heute-4857	ambiguous	19	19	12	0.7619	0.2892
01December_2011_Thursday_heute-3064	occluded	79	79	11	0.4781	0.0701
01December_2011_Thursday_tagesschau-3472	occluded	79	79	31	0.9764	0.2326
01February_2011_Tuesday_heute-4643	clean	45	45	0	0.1670	0.0279
01February_2011_Tuesday_tagesschau-4971	ambiguous	136	136	10	0.3800	0.0269
01July_2009_Wednesday_tagesschau-4560	clean	169	169	8	0.6216	0.0358
01July_2009_Wednesday_tagesschau-4561	ambiguous	66	66	6	0.6168	0.0506
01July_2011_Friday_tagesschau-2757	ambiguous	103	103	8	0.3605	0.0459
01July_2011_Friday_tagesschau-2770	ambiguous	93	93	5	0.3005	0.0428
01June_2010_Tuesday_heute-6609	occluded	205	205	32	0.7711	0.0835
01June_2010_Tuesday_heute-6615	clean	90	90	0	0.1616	0.0067
01June_2010_Tuesday_heute-6617	ambiguous	57	57	4	0.4695	0.0288
01June_2010_Tuesday_heute-6618	occluded	32	32	7	0.3944	0.0761
01June_2010_Tuesday_tagesschau-5003	clean	95	95	4	0.5761	0.0203
01June_2010_Tuesday_tagesschau-5005	clean	76	76	0	0.1027	0.0039
01June_2010_Tuesday_tagesschau-5007	clean	192	192	0	0.0000	0.0000
01June_2010_Tuesday_tagesschau-5014	clean	44	44	2	0.3208	0.0276
01June_2011_Wednesday_heute-947	clean	210	210	10	0.5805	0.0288
01June_2011_Wednesday_heute-949	clean	44	44	0	0.0000	0.0000
01June_2011_Wednesday_heute-954	ambiguous	219	219	13	0.5469	0.0249
01June_2011_Wednesday_tagesschau-6953	clean	105	105	0	0.0000	0.0000
01June_2011_Wednesday_tagesschau-6956	clean	143	143	1	0.2060	0.0082
01March_2011_Tuesday_tagesschau-2208	occluded	238	238	55	0.9910	0.1397
01May_2010_Saturday_tagesschau-7188	occluded	132	132	28	0.7610	0.1115
01November_2010_Monday_heute-1704	ambiguous	57	57	5	0.7020	0.0587
01November_2010_Monday_heute-1705	clean	49	49	2	0.3006	0.0462
01November_2010_Monday_heute-1707	ambiguous	51	51	4	0.4008	0.0365
01November_2010_Monday_heute-1714	ambiguous	90	90	6	0.4066	0.0417
01November_2010_Monday_heute-1715	ambiguous	152	152	9	0.9761	0.0479
01November_2010_Monday_tagesschau-139	occluded	77	77	12	0.8970	0.0985
01November_2010_Monday_tagesschau-142	occluded	132	132	14	0.8904	0.0583
01October_2009_Thursday_tagesschau-412	ambiguous	177	177	9	0.5111	0.0319
01October_2009_Thursday_tagesschau-415	ambiguous	81	81	7	1.0000	0.0682
01October_2012_Monday_heute-443	clean	150	150	1	0.2054	0.0036
01October_2012_Monday_tagesschau-5363	occluded	127	127	57	1.0000	0.2637
01October_2012_Monday_tagesschau-5372	occluded	99	99	15	0.6335	0.0768
01October_2012_Monday_tagesschau-5374	occluded	105	105	24	0.5429	0.0870
01September_2010_Wednesday_tagesschau-5038	ambiguous	60	60	4	0.9122	0.0486
02August_2010_Monday_heute-1241	occluded	173	173	27	0.8740	0.0944
02December_2010_Thursday_heute-8449	occluded	260	260	54	0.6458	0.0925
02December_2010_Thursday_tagesschau-3630	occluded	100	100	21	0.6322	0.0934
02December_2010_Thursday_tagesschau-3641	occluded	170	170	23	0.7036	0.0737
02February_2010_Tuesday_tagesschau-7956	occluded	96	96	14	0.5127	0.0649
02February_2011_Wednesday_tagesschau-7442	clean	63	63	2	0.3167	0.0182
02February_2011_Wednesday_tagesschau-7445	ambiguous	129	129	12	0.5552	0.0445
02February_2011_Wednesday_tagesschau-7446	clean	88	88	4	0.4941	0.0217
02February_2011_Wednesday_tagesschau-7454	ambiguous	59	59	5	0.4781	0.0399
02February_2011_Wednesday_tagesschau-7455	clean	91	91	0	0.0388	0.0012
02June_2010_Wednesday_heute-6785	ambiguous	217	217	16	0.3686	0.0415
02June_2010_Wednesday_tagesschau-7153	clean	72	72	0	0.1458	0.0064
02June_2010_Wednesday_tagesschau-7157	ambiguous	59	59	4	0.6625	0.0436
02June_2010_Wednesday_tagesschau-7162	clean	172	172	7	0.4014	0.0219
02March_2011_Wednesday_tagesschau-4708	clean	64	64	0	0.0000	0.0000
02March_2011_Wednesday_tagesschau-4710	clean	112	112	2	0.3522	0.0081
02November_2010_Tuesday_heute-2745	occluded	127	127	42	0.9954	0.1833
02November_2010_Tuesday_heute-2753	ambiguous	171	171	12	0.6048	0.0448
02November_2010_Tuesday_tagesschau-2037	clean	117	117	5	0.4166	0.0263
02October_2009_Friday_tagesschau-1353	ambiguous	101	101	6	0.8903	0.0424
02October_2009_Friday_tagesschau-1358	occluded	195	195	24	0.9394	0.0797
02October_2010_Saturday_tagesschau-1302	occluded	86	86	19	0.7547	0.1079
02October_2010_Saturday_tagesschau-1305	clean	210	210	6	0.3248	0.0182
02October_2010_Saturday_tagesschau-1307	clean	137	137	4	0.2630	0.0138
02October_2012_Tuesday_heute-3499	clean	140	140	5	0.3673	0.0183
02October_2012_Tuesday_heute-3500	occluded	131	131	15	0.6397	0.0539
02October_2012_Tuesday_heute-3503	ambiguous	38	38	2	0.5503	0.0360
02October_2012_Tuesday_tagesschau-2850	occluded	128	128	36	0.9542	0.1526
02October_2012_Tuesday_tagesschau-2851	occluded	76	76	19	0.7307	0.1246
02October_2012_Tuesday_tagesschau-2855	occluded	82	82	12	0.7926	0.0888
02September_2010_Thursday_heute-3463	clean	77	77	3	0.3410	0.0379
02September_2010_Thursday_tagesschau-8360	occluded	108	108	26	0.6721	0.1359
02September_2010_Thursday_tagesschau-8364	occluded	81	81	12	0.7659	0.1021
02September_2010_Thursday_tagesschau-8365	occluded	208	208	25	0.8134	0.0638
03April_2010_Saturday_tagesschau-2972	occluded	136	136	21	0.5036	0.0749
03April_2010_Saturday_tagesschau-2977	clean	238	238	1	0.2557	0.0014
03August_2010_Tuesday_heute-7609	clean	90	90	0	0.0000	0.0000
03August_2010_Tuesday_heute-7612	clean	233	233	4	0.2712	0.0050
03August_2010_Tuesday_heute-7622	ambiguous	53	53	5	0.3317	0.0369
03August_2010_Tuesday_tagesschau-2778	clean	136	136	0	0.0223	0.0002
03December_2009_Thursday_tagesschau-7216	occluded	54	54	8	0.3266	0.0753
03December_2009_Thursday_tagesschau-7220	ambiguous	136	136	11	0.5457	0.0425
03December_2009_Thursday_tagesschau-7224	occluded	102	102	26	1.0000	0.1765
03December_2009_Thursday_tagesschau-7225	ambiguous	29	29	15	0.8300	0.2815
03December_2011_Saturday_tagesschau-8685	clean	107	107	0	0.1887	0.0125
03February_2010_Wednesday_heute-2349	occluded	136	136	59	0.9760	0.2327
03February_2010_Wednesday_heute-2350	occluded	109	109	45	0.9682	0.2366
03February_2010_Wednesday_tagesschau-2065	occluded	190	190	32	0.9869	0.1001
03February_2011_Thursday_heute-606	occluded	122	122	21	0.9976	0.0930
03February_2011_Thursday_heute-618	ambiguous	123	123	8	0.9642	0.0435
03February_2011_Thursday_heute-619	ambiguous	39	39	2	0.6063	0.0648
03February_2011_Thursday_tagesschau-932	ambiguous	128	128	12	0.5838	0.0558
03February_2011_Thursday_tagesschau-933	occluded	33	33	7	0.8218	0.1277
03February_2011_Thursday_tagesschau-943	ambiguous	118	118	7	0.4029	0.0343
03July_2009_Friday_tagesschau-2002	clean	49	49	0	0.1954	0.0108
03July_2009_Friday_tagesschau-2009	ambiguous	121	121	7	0.3828	0.0386
03July_2010_Saturday_tagesschau-4588	occluded	148	148	28	0.9831	0.1267
03July_2011_Sunday_tagesschau-1668	clean	169	169	2	0.3188	0.0048
03June_2010_Thursday_tagesschau-2631	ambiguous	156	156	14	0.6941	0.0498
03June_2010_Thursday_tagesschau-2635	clean	79	79	1	0.2127	0.0203
03June_2011_Friday_tagesschau-7645	clean	91	91	0	0.0980	0.0049
03March_2011_Thursday_tagesschau-7063	clean	127	127	6	0.3231	0.0193
03November_2009_Tuesday_tagesschau-8139	occluded	151	151	16	0.8730	0.0502
03November_2009_Tuesday_tagesschau-8141	ambiguous	216	216	11	0.7038	0.0324
03November_2009_Tuesday_tagesschau-8145	occluded	92	92	11	0.5382	0.0627
03November_2010_Wednesday_tagesschau-6502	occluded	59	59	21	0.8897	0.2003
03October_2010_Sunday_tagesschau-5760	ambiguous	106	106	8	0.3954	0.0465
03October_2010_Sunday_tagesschau-5768	clean	127	127	4	0.3312	0.0229
03October_2012_Wednesday_tagesschau-7653	occluded	199	199	43	0.9447	0.1378
03October_2012_Wednesday_tagesschau-7665	clean	66	66	0	0.0360	0.0023
03September_2010_Friday_tagesschau-8427	clean	84	84	0	0.1096	0.0096
04April_2011_Monday_heute-957	clean	73	73	0	0.0784	0.0090
04April_2011_Monday_heute-963	clean	192	192	8	0.7748	0.0338
04April_2011_Monday_heute-969	ambiguous	107	107	7	0.6244	0.0293
04April_2011_Monday_heute-972	clean	36	36	0	0.0872	0.0076
04August_2011_Thursday_tagesschau-715	ambiguous	116	116	10	0.9885	0.0501
04December_2009_Friday_tagesschau-842	ambiguous	120	120	10	0.7874	0.0451
04December_2010_Saturday_tagesschau-4835	occluded	140	140	16	0.8776	0.0637
04December_2010_Saturday_tagesschau-4837	clean	88	88	0	0.1919	0.0093
04December_2011_Sunday_tagesschau-7786	ambiguous	124	124	12	0.9794	0.0558
04January_2010_Monday_heute-7400	ambiguous	158	158	11	0.9725	0.0504
04January_2010_Monday_heute-7407	clean	110	110	0	0.0000	0.0000
04January_2010_Monday_heute-7408	occluded	107	107	11	0.4209	0.0397
04January_2010_Monday_tagesschau-8557	clean	113	113	0	0.1301	0.0026
04January_2011_Tuesday_tagesschau-1058	ambiguous	144	144	11	0.4036	0.0444
04January_2011_Tuesday_tagesschau-1059	occluded	176	176	37	0.8586	0.1057
04January_2011_Tuesday_tagesschau-1061	occluded	86	86	23	0.9817	0.1877
04January_2011_Tuesday_tagesschau-1062	occluded	56	56	31	0.7445	0.2746
04January_2011_Tuesday_tagesschau-1067	occluded	160	160	18	0.6612	0.0511
04July_2009_Saturday_tagesschau-3336	ambiguous	24	24	0	0.1351	0.0186
04July_2009_Saturday_tagesschau-3338	clean	142	142	0	0.0149	0.0002
04July_2010_Sunday_tagesschau-7207	clean	107	107	0	0.1530	0.0016
04July_2011_Monday_tagesschau-693	occluded	87	87	18	0.4747	0.0851
04July_2011_Monday_tagesschau-694	occluded	151	151	18	0.7073	0.0629
04July_2011_Monday_tagesschau-696	clean	143	143	3	0.3442	0.0083
04March_2011_Friday_tagesschau-2842	occluded	86	86	28	0.7349	0.1574
04March_2011_Friday_tagesschau-2844	ambiguous	150	150	13	0.3944	0.0358
04March_2011_Friday_tagesschau-2845	ambiguous	83	83	8	0.8088	0.0641
04May_2010_Tuesday_heute-456	ambiguous	164	164	15	0.8274	0.0543
04May_2010_Tuesday_heute-458	clean	104	104	2	0.7727	0.0109
04May_2010_Tuesday_heute-462	clean	41	41	2	0.4023	0.0200
04May_2010_Tuesday_tagesschau-7837	occluded	112	112	13	0.5747	0.0826
04May_2010_Tuesday_tagesschau-7839	clean	229	229	9	0.9597	0.0350
04May_2010_Tuesday_tagesschau-7843	clean	177	177	2	0.2632	0.0054
04May_2010_Tuesday_tagesschau-7844	clean	137	137	2	0.2584	0.0075
04May_2010_Tuesday_tagesschau-7846	occluded	123	123	17	0.4730	0.0604
04May_2011_Wednesday_heute-3987	occluded	40	40	14	0.8846	0.2066
04May_2011_Wednesday_heute-3988	occluded	237	237	24	0.4984	0.0457
04May_2011_Wednesday_heute-3990	occluded	145	145	26	0.6508	0.0911
04May_2011_Wednesday_heute-3998	clean	74	74	0	0.0611	0.0049
04May_2011_Wednesday_heute-3999	occluded	38	38	7	0.3507	0.0722
04October_2010_Monday_heute-5949	clean	150	150	7	0.5052	0.0358
04October_2010_Monday_heute-5951	clean	98	98	0	0.0000	0.0000
04October_2010_Monday_heute-5952	clean	51	51	0	0.0000	0.0000
04October_2010_Monday_tagesschau-4718	clean	108	108	0	0.0000	0.0000
04October_2012_Thursday_tagesschau-4913	occluded	79	79	14	0.7288	0.1062
04October_2012_Thursday_tagesschau-4919	occluded	96	96	40	0.9832	0.2304
05April_2010_Monday_tagesschau-3548	occluded	91	91	10	0.4007	0.0571
05April_2010_Monday_tagesschau-3550	occluded	172	172	36	0.9227	0.1355
05April_2010_Monday_tagesschau-3556	clean	88	88	3	0.7477	0.0238
05April_2011_Tuesday_heute-5123	ambiguous	250	250	16	0.7275	0.0355
05April_2011_Tuesday_tagesschau-6421	occluded	108	108	12	0.4931	0.0494
05April_2011_Tuesday_tagesschau-6422	clean	104	104	5	0.3519	0.0223
05December_2009_Saturday_tagesschau-4698	clean	115	115	3	0.3480	0.0305
05December_2011_Monday_heute-7425	clean	112	112	0	0.1260	0.0027
05December_2011_Monday_heute-7428	clean	49	49	0	0.0667	0.0014
05December_2011_Monday_tagesschau-4184	clean	171	171	6	0.3065	0.0219
05February_2010_Friday_tagesschau-2914	clean	206	206	0	0.1670	0.0018
05January_2010_Tuesday_tagesschau-2671	clean	136	136	2	0.3206	0.0077
05January_2010_Tuesday_tagesschau-2676	ambiguous	74	74	7	0.4156	0.0409
05January_2011_Wednesday_heute-3535	occluded	231	231	36	1.0000	0.0926
05January_2011_Wednesday_heute-3537	occluded	190	190	24	0.9894	0.0893
05January_2011_Wednesday_heute-3540	clean	126	126	0	0.1453	0.0101
05January_2011_Wednesday_heute-3541	ambiguous	182	182	15	0.9820	0.0504
05January_2011_Wednesday_heute-3542	clean	115	115	3	0.4157	0.0141
05January_2011_Wednesday_tagesschau-2242	clean	134	134	3	0.2100	0.0403
05January_2011_Wednesday_tagesschau-2244	occluded	85	85	34	0.9653	0.2201
05January_2011_Wednesday_tagesschau-2246	clean	34	34	0	0.0000	0.0000
05January_2011_Wednesday_tagesschau-2252	clean	34	34	0	0.1099	0.0053
05July_2009_Sunday_tagesschau-4441	occluded	189	189	30	0.7239	0.0830
05July_2009_Sunday_tagesschau-4452	clean	94	94	3	0.3941	0.0131
05July_2010_Monday_heute-8693	clean	131	131	0	0.1092	0.0028
05July_2010_Monday_heute-8698	ambiguous	126	126	7	0.3733	0.0376
05July_2010_Monday_heute-8699	occluded	33	33	6	0.6606	0.1067
05July_2010_Monday_tagesschau-1203	ambiguous	164	164	9	0.3781	0.0227
05July_2011_Tuesday_tagesschau-6140	occluded	139	139	15	0.6743	0.0555
05July_2011_Tuesday_tagesschau-6141	clean	116	116	5	0.2804	0.0169
05July_2011_Tuesday_tagesschau-6142	clean	66	66	2	0.4241	0.0167
05June_2010_Saturday_tagesschau-3930	occluded	224	224	28	0.6270	0.0729
05March_2011_Saturday_tagesschau-5441	occluded	182	182	36	0.7760	0.1110
05March_2011_Saturday_tagesschau-5444	occluded	113	113	20	1.0000	0.1149
05March_2011_Saturday_tagesschau-5445	ambiguous	139	139	13	0.8639	0.0558
05March_2011_Saturday_tagesschau-5449	ambiguous	79	79	5	0.5228	0.0396
05May_2010_Wednesday_tagesschau-3350	ambiguous	123	123	7	0.9757	0.0585
05May_2010_Wednesday_tagesschau-3357	clean	137	137	5	0.3128	0.0139
05May_2011_Thursday_heute-3740	clean	109	109	0	0.1300	0.0057
05May_2011_Thursday_heute-3743	occluded	259	259	33	0.8946	0.0756
05May_2011_Thursday_heute-3751	occluded	37	37	12	0.6452	0.1643
05May_2011_Thursday_tagesschau-31	clean	124	124	3	0.7802	0.0184
05October_2010_Tuesday_heute-1209	clean	66	66	2	0.4527	0.0192
05October_2010_Tuesday_heute-1213	clean	66	66	3	0.4344	0.0268
05October_2010_Tuesday_heute-1217	occluded	190	190	42	0.8673	0.1280
05October_2010_Tuesday_heute-1221	clean	88	88	0	0.0000	0.0000
05October_2010_Tuesday_tagesschau-4242	clean	98	98	0	0.1906	0.0220
05October_2011_Wednesday_heute-1072	occluded	258	258	37	0.6783	0.0707
05October_2011_Wednesday_heute-1075	clean	77	77	0	0.0644	0.0032
05September_2009_Saturday_tagesschau-4081	clean	140	140	2	0.2036	0.0162
05September_2010_Sunday_tagesschau-3128	clean	169	169	0	0.0621	0.0072
05September_2010_Sunday_tagesschau-3133	clean	123	123	0	0.0246	0.0004
05September_2010_Sunday_tagesschau-3137	clean	46	46	0	0.0006	0.0000
06April_2010_Tuesday_heute-5984	ambiguous	29	29	2	0.4548	0.0520
06April_2010_Tuesday_tagesschau-302	ambiguous	92	92	5	0.2605	0.0466
06April_2010_Tuesday_tagesschau-312	ambiguous	83	83	6	0.4279	0.0468
06August_2010_Friday_tagesschau-2179	clean	120	120	0	0.0000	0.0000
06August_2010_Friday_tagesschau-2180	clean	143	143	1	0.2680	0.0093
06December_2009_Sunday_tagesschau-5514	clean	173	173	3	0.4208	0.0123
06December_2009_Sunday_tagesschau-5516	clean	93	93	0	0.0000	0.0000
06December_2009_Sunday_tagesschau-5517	clean	237	237	2	0.2219	0.0105
06December_2010_Monday_heute-6207	clean	138	138	0	0.1967	0.0032
06December_2010_Monday_heute-6209	clean	145	145	0	0.0994	0.0064
06December_2010_Monday_heute-6211	clean	107	107	0	0.0629	0.0033
06December_2011_Tuesday_heute-1537	occluded	38	38	27	0.6706	0.3779
06December_2011_Tuesday_heute-1543	occluded	120	120	25	0.5991	0.0942
06December_2011_Tuesday_tagesschau-6841	clean	92	92	0	0.1522	0.0049
06December_2011_Tuesday_tagesschau-6845	occluded	138	138	44	0.8211	0.1735
06February_2010_Saturday_tagesschau-7359	clean	72	72	0	0.1866	0.0341
06February_2010_Saturday_tagesschau-7368	clean	157	157	0	0.0437	0.0022
06February_2011_Sunday_tagesschau-6909	ambiguous	92	92	5	0.9499	0.0406
06January_2011_Thursday_tagesschau-5639	occluded	84	84	16	0.5004	0.0807
06January_2011_Thursday_tagesschau-5645	occluded	81	81	22	0.5007	0.1075
06January_2011_Thursday_tagesschau-5646	ambiguous	191	191	16	0.7755	0.0398
06July_2009_Monday_tagesschau-2106	occluded	66	66	8	0.3904	0.0522
06July_2010_Tuesday_tagesschau-2650	ambiguous	126	126	10	0.4070	0.0392
06July_2010_Tuesday_tagesschau-2663	occluded	148	148	27	0.8277	0.1184
06July_2011_Wednesday_tagesschau-6867	ambiguous	157	157	11	0.8414	0.0425
06June_2010_Sunday_tagesschau-6362	ambiguous	20	20	0	0.0000	0.0000
06March_2011_Sunday_tagesschau-3893	clean	221	221	1	0.2173	0.0025
06May_2010_Thursday_heute-1047	clean	151	151	4	0.4063	0.0100
06May_2010_Thursday_heute-1049	clean	110	110	3	0.4380	0.0136
06May_2010_Thursday_tagesschau-5736	ambiguous	74	74	5	0.5098	0.0351
06May_2010_Thursday_tagesschau-5740	ambiguous	260	260	18	0.4970	0.0394
06May_2010_Thursday_tagesschau-5745	occluded	98	98	15	0.3893	0.0585
06November_2010_Saturday_tagesschau-1161	clean	170	170	1	0.2043	0.0089
06November_2010_Saturday_tagesschau-1163	clean	153	153	2	0.3046	0.0121
06November_2010_Saturday_tagesschau-1164	clean	119	119	2	0.2110	0.0159
06October_2009_Tuesday_tagesschau-8163	clean	161	161	0	0.0952	0.0011
06October_2009_Tuesday_tagesschau-8164	clean	106	106	5	0.3610	0.0188
06October_2010_Wednesday_tagesschau-634	occluded	146	146	36	1.0000	0.1440
06October_2011_Thursday_heute-5543	clean	83	83	0	0.0000	0.0000
06October_2011_Thursday_tagesschau-817	occluded	120	120	13	0.4503	0.0632
06October_2011_Thursday_tagesschau-818	occluded	89	89	27	0.9500	0.1631
06October_2012_Saturday_tagesschau-8736	occluded	79	79	17	0.3900	0.0706
06October_2012_Saturday_tagesschau-8741	occluded	162	162	36	0.8721	0.0984
06September_2009_Sunday_tagesschau-5310	ambiguous	120	120	10	0.5320	0.0421
06September_2009_Sunday_tagesschau-5311	clean	94	94	0	0.0501	0.0027
06September_2010_Monday_tagesschau-1152	clean	45	45	0	0.1910	0.0082
07April_2010_Wednesday_heute-1627	occluded	218	218	40	0.8815	0.1042
07April_2010_Wednesday_heute-1629	occluded	80	80	9	0.7668	0.0626
07April_2010_Wednesday_tagesschau-6026	occluded	83	83	14	0.5912	0.0724
07April_2010_Wednesday_tagesschau-6028	occluded	149	149	26	0.9877	0.1207
07April_2010_Wednesday_tagesschau-6033	occluded	123	123	13	0.7399	0.0673
07April_2010_Wednesday_tagesschau-6034	clean	138	138	1	0.2103	0.0158
07April_2011_Thursday_tagesschau-8106	occluded	37	37	4	0.3926	0.0378
07August_2009_Friday_tagesschau-6163	clean	35	35	0	0.0016	0.0001
07August_2009_Friday_tagesschau-6166	clean	63	63	2	0.2534	0.0170
07August_2009_Friday_tagesschau-6177	clean	43	43	0	0.0000	0.0000
07December_2009_Monday_tagesschau-7104	clean	136	136	0	0.0000	0.0000
07December_2009_Monday_tagesschau-7105	clean	84	84	0	0.0483	0.0008
07December_2010_Tuesday_heute-5627	occluded	123	123	15	0.4638	0.0557
07December_2010_Tuesday_heute-5628	occluded	184	184	26	0.6954	0.0765
07December_2010_Tuesday_heute-5636	occluded	124	124	17	0.4230	0.0720
07December_2010_Tuesday_tagesschau-4144	ambiguous	101	101	10	0.3997	0.0668
07December_2010_Tuesday_tagesschau-4148	occluded	156	156	40	0.7923	0.1239
07December_2010_Tuesday_tagesschau-4150	clean	92	92	0	0.1021	0.0023
07December_2010_Tuesday_tagesschau-4153	occluded	160	160	23	0.6252	0.0772
07December_2010_Tuesday_tagesschau-4154	occluded	53	53	14	0.4397	0.1294
07December_2011_Wednesday_heute-7797	ambiguous	221	221	18	0.8246	0.0525
07December_2011_Wednesday_heute-7805	occluded	123	123	25	0.9443	0.1281
07December_2011_Wednesday_heute-7807	ambiguous	162	162	11	0.9052	0.0411
07December_2011_Wednesday_heute-7810	clean	47	47	0	0.1803	0.0086
07December_2011_Wednesday_tagesschau-5391	occluded	81	81	9	0.7695	0.0711
07December_2011_Wednesday_tagesschau-5393	clean	59	59	0	0.1129	0.0111
07February_2010_Sunday_tagesschau-494	clean	128	128	0	0.1404	0.0063
07February_2011_Monday_heute-4662	occluded	206	206	66	0.9177	0.1775
07February_2011_Monday_heute-4663	ambiguous	64	64	6	0.3851	0.0388
07June_2010_Monday_heute-2329	clean	94	94	1	0.2667	0.0103
07June_2010_Monday_tagesschau-1556	clean	103	103	0	0.0000	0.0000
07June_2010_Monday_tagesschau-1564	clean	224	224	0	0.0581	0.0029
07June_2010_Monday_tagesschau-1566	ambiguous	79	79	4	0.3307	0.0217
07May_2010_Friday_tagesschau-3602	clean	103	103	0	0.1996	0.0130
07May_2010_Friday_tagesschau-3609	occluded	94	94	10	0.5209	0.0469
07May_2010_Friday_tagesschau-3610	ambiguous	141	141	9	0.5449	0.0332
07May_2011_Saturday_tagesschau-108	occluded	98	98	14	0.6746	0.0896
07May_2011_Saturday_tagesschau-111	occluded	131	131	29	0.7532	0.1052
07May_2011_Saturday_tagesschau-112	occluded	178	178	19	0.7926	0.0571
07May_2011_Saturday_tagesschau-118	occluded	113	113	16	0.6594	0.0851
07November_2010_Sunday_tagesschau-1984	ambiguous	51	51	3	0.2670	0.0227
07October_2010_Thursday_heute-8560	clean	62	62	0	0.0000	0.0000
07October_2010_Thursday_heute-8572	ambiguous	156	156	13	0.3308	0.0384
07October_2010_Thursday_heute-8573	clean	49	49	1	0.7500	0.0185
07October_2010_Thursday_tagesschau-4120	clean	69	69	0	0.1301	0.0081
07October_2010_Thursday_tagesschau-4124	occluded	61	61	9	0.5359	0.0684
07October_2012_Sunday_tagesschau-3037	occluded	188	188	31	1.0000	0.0896
07October_2012_Sunday_tagesschau-3039	ambiguous	76	76	5	0.5509	0.0466
07September_2010_Tuesday_tagesschau-1956	clean	110	110	0	0.1592	0.0090
07September_2010_Tuesday_tagesschau-1958	ambiguous	26	26	0	0.0000	0.0000
08April_2010_Thursday_heute-4001	occluded	156	156	17	0.5284	0.0636
08April_2010_Thursday_heute-4003	clean	94	94	0	0.0919	0.0086
08April_2010_Thursday_heute-4007	occluded	266	266	83	1.0000	0.2045
08April_2010_Thursday_heute-4012	ambiguous	223	223	18	0.8661	0.0519
08April_2010_Thursday_heute-4013	occluded	38	38	7	0.7295	0.0962
08April_2011_Friday_tagesschau-2069	occluded	115	115	19	0.8789	0.0942
08April_2011_Friday_tagesschau-2070	occluded	150	150	29	1.0000	0.1015
08December_2009_Tuesday_heute-4200	occluded	118	118	15	0.8016	0.0795
08December_2009_Tuesday_heute-4208	clean	86	86	3	0.8587	0.0260
08December_2009_Tuesday_heute-4209	clean	64	64	1	0.2517	0.0205
08December_2009_Tuesday_heute-4210	occluded	68	68	14	0.7142	0.1250
08December_2009_Tuesday_tagesschau-1941	occluded	82	82	9	0.6214	0.0635
08February_2010_Monday_heute-1504	ambiguous	261	261	26	0.5776	0.0440
08January_2010_Friday_tagesschau-3976	ambiguous	94	94	7	0.4006	0.0363
08January_2010_Friday_tagesschau-3977	occluded	196	196	20	0.8653	0.0520
08January_2010_Friday_tagesschau-3986	ambiguous	36	36	3	0.2289	0.0411
08July_2010_Thursday_tagesschau-5385	occluded	129	129	51	1.0000	0.2113
08July_2010_Thursday_tagesschau-5387	ambiguous	149	149	11	0.5051	0.0442
08July_2011_Friday_tagesschau-6732	occluded	184	184	48	0.9851	0.1533
08July_2011_Friday_tagesschau-6735	ambiguous	201	201	16	0.8533	0.0532
08June_2010_Tuesday_heute-1985	clean	39	39	0	0.0278	0.0013
08June_2010_Tuesday_heute-1988	clean	88	88	0	0.1730	0.0140
08June_2010_Tuesday_heute-1993	clean	235	235	3	0.3201	0.0109
08June_2010_Tuesday_heute-1995	occluded	139	139	24	0.7369	0.1075
08June_2010_Tuesday_tagesschau-5531	clean	66	66	0	0.1298	0.0172
08May_2010_Saturday_tagesschau-178	occluded	76	76	12	0.4452	0.0668
08May_2010_Saturday_tagesschau-186	clean	97	97	0	0.1577	0.0088
08November_2010_Monday_tagesschau-6926	occluded	156	156	32	0.9295	0.1077
08November_2010_Monday_tagesschau-6932	occluded	92	92	12	0.7793	0.0784
08September_2010_Wednesday_tagesschau-5243	occluded	144	144	15	0.5670	0.0499
09April_2010_Friday_tagesschau-7625	occluded	76	76	15	0.5499	0.0751
09August_2009_Sunday_tagesschau-1191	ambiguous	23	23	0	0.0000	0.0000
09August_2010_Monday_heute-5897	occluded	42	42	33	0.9775	0.4848
09August_2010_Monday_heute-5902	ambiguous	27	27	0	0.0000	0.0000
09August_2011_Tuesday_heute-2646	occluded	209	209	21	0.8316	0.0652
09August_2011_Tuesday_tagesschau-2582	occluded	213	213	85	1.0000	0.2422
09August_2011_Tuesday_tagesschau-2589	occluded	104	104	23	0.9228	0.1287
09December_2009_Wednesday_heute-4741	clean	57	57	0	0.0636	0.0070
09December_2009_Wednesday_heute-4742	occluded	74	74	22	0.9556	0.1694
09December_2009_Wednesday_heute-4747	occluded	157	157	56	1.0000	0.2151
09December_2009_Wednesday_heute-4751	occluded	99	99	20	0.7064	0.0875
09December_2010_Thursday_heute-7550	occluded	205	205	106	0.8588	0.2317
09December_2010_Thursday_heute-7553	occluded	37	37	7	0.5595	0.0992
09December_2010_Thursday_heute-7557	occluded	70	70	16	0.8901	0.1524
09December_2010_Thursday_heute-7562	clean	77	77	0	0.0416	0.0013
09February_2010_Tuesday_tagesschau-4500	occluded	119	119	17	0.5110	0.0593
09February_2010_Tuesday_tagesschau-4503	occluded	93	93	23	0.8077	0.1298
09February_2011_Wednesday_heute-7539	ambiguous	89	89	5	0.6542	0.0339
09February_2011_Wednesday_heute-7541	clean	241	241	4	0.3969	0.0221
09February_2011_Wednesday_tagesschau-2501	occluded	167	167	79	0.9043	0.2542
09February_2011_Wednesday_tagesschau-2505	ambiguous	115	115	7	0.4474	0.0328
09January_2010_Saturday_tagesschau-1924	occluded	170	170	23	0.8609	0.0689
09January_2010_Saturday_tagesschau-1926	occluded	108	108	11	0.7720	0.0581
09January_2010_Saturday_tagesschau-1929	occluded	121	121	24	1.0000	0.1045
09July_2009_Thursday_tagesschau-7117	ambiguous	23	23	0	0.0077	0.0003
09July_2009_Thursday_tagesschau-7118	clean	54	54	0	0.0386	0.0015
09July_2010_Friday_tagesschau-592	occluded	121	121	15	0.7759	0.0794
09July_2010_Friday_tagesschau-593	occluded	249	249	31	0.6576	0.0589
09July_2011_Saturday_tagesschau-3292	clean	220	220	0	0.1898	0.0065
09July_2011_Saturday_tagesschau-3296	ambiguous	81	81	5	0.2877	0.0233
09July_2011_Saturday_tagesschau-3297	clean	105	105	4	0.3053	0.0223
09June_2010_Wednesday_heute-8267	clean	61	61	0	0.0000	0.0000
09June_2010_Wednesday_tagesschau-5964	clean	96	96	0	0.1799	0.0120
09June_2010_Wednesday_tagesschau-5965	occluded	138	138	21	0.6758	0.0664
09June_2010_Wednesday_tagesschau-5967	clean	63	63	2	0.4255	0.0138
09March_2011_Wednesday_heute-1740	occluded	127	127	14	0.4535	0.0430
09May_2011_Monday_tagesschau-8580	occluded	120	120	13	0.7642	0.0650
09May_2011_Monday_tagesschau-8584	occluded	175	175	24	1.0000	0.1089
09November_2010_Tuesday_heute-5832	clean	92	92	0	0.0000	0.0000
09November_2010_Tuesday_tagesschau-754	clean	148	148	0	0.1680	0.0111
09September_2010_Thursday_tagesschau-4364	occluded	111	111	17	0.7569	0.0790
09September_2010_Thursday_tagesschau-4370	ambiguous	89	89	7	0.6369	0.0480
09September_2010_Thursday_tagesschau-4376	clean	70	70	0	0.0784	0.0035
10April_2010_Saturday_tagesschau-4131	ambiguous	108	108	8	0.4961	0.0407
10April_2010_Saturday_tagesschau-4132	occluded	235	235	26	0.8105	0.0525
10April_2010_Saturday_tagesschau-4136	occluded	140	140	19	0.8228	0.0677
10April_2011_Sunday_tagesschau-1530	clean	85	85	0	0.0649	0.0020
10April_2011_Sunday_tagesschau-1532	occluded	147	147	26	0.9183	0.1136
10August_2009_Monday_heute-6888	clean	40	40	0	0.1442	0.0236
10August_2009_Monday_heute-6899	ambiguous	29	29	0	0.0000	0.0000
10August_2009_Monday_heute-6900	occluded	81	81	31	0.8153	0.2223
10August_2010_Tuesday_heute-1445	ambiguous	104	104	8	0.5583	0.0296
10August_2010_Tuesday_heute-1447	occluded	232	232	73	1.0000	0.1896
10August_2010_Tuesday_heute-1453	occluded	64	64	29	0.5851	0.1974
10August_2010_Tuesday_heute-1456	ambiguous	101	101	6	0.5357	0.0411
10August_2010_Tuesday_tagesschau-3871	ambiguous	90	90	6	0.3044	0.0334
10August_2011_Wednesday_tagesschau-6298	clean	68	68	3	0.5174	0.0341
10December_2009_Thursday_heute-7937	occluded	186	186	25	0.9545	0.0628
10December_2009_Thursday_heute-7938	ambiguous	77	77	7	0.3353	0.0361
10December_2009_Thursday_tagesschau-7489	occluded	131	131	14	0.8532	0.0666
10December_2009_Thursday_tagesschau-7492	occluded	149	149	28	0.9075	0.0996
10December_2011_Saturday_tagesschau-5409	occluded	125	125	22	0.9957	0.1039
10December_2011_Saturday_tagesschau-5410	clean	165	165	0	0.1073	0.0046
10December_2011_Saturday_tagesschau-5413	occluded	134	134	15	0.6089	0.0540
10December_2011_Saturday_tagesschau-5418	occluded	143	143	16	0.9029	0.0607
10February_2010_Wednesday_tagesschau-2516	occluded	177	177	24	0.6813	0.0671
10February_2010_Wednesday_tagesschau-2518	occluded	113	113	20	0.4035	0.0837
10February_2010_Wednesday_tagesschau-2519	ambiguous	182	182	14	0.6906	0.0353
10January_2010_Sunday_tagesschau-483	occluded	116	116	15	0.4968	0.0550
10January_2011_Monday_heute-1367	occluded	210	210	34	0.9207	0.0867
10January_2011_Monday_heute-1377	clean	45	45	1	0.2195	0.0218
10January_2011_Monday_tagesschau-6408	occluded	135	135	36	0.8653	0.1423
10January_2011_Monday_tagesschau-6410	occluded	76	76	10	0.4883	0.0683
10January_2011_Monday_tagesschau-6413	clean	87	87	0	0.0000	0.0000
10July_2009_Friday_tagesschau-1083	ambiguous	103	103	6	0.2305	0.0249
10July_2009_Friday_tagesschau-1091	occluded	131	131	22	0.9715	0.0948
10March_2011_Thursday_heute-50	clean	218	218	0	0.0852	0.0037
10March_2011_Thursday_tagesschau-5079	occluded	54	54	19	0.8049	0.1716
10March_2011_Thursday_tagesschau-5081	ambiguous	102	102	6	0.6314	0.0315
10March_2011_Thursday_tagesschau-5082	ambiguous	105	105	7	0.6476	0.0365
10March_2011_Thursday_tagesschau-5087	occluded	95	95	24	0.5981	0.1025
10May_2010_Monday_tagesschau-6852	ambiguous	130	130	10	0.9568	0.0473
10May_2010_Monday_tagesschau-6860	clean	208	208	0	0.0398	0.0008
10November_2009_Tuesday_tagesschau-7242	ambiguous	114	114	8	0.3718	0.0264
10November_2010_Wednesday_tagesschau-6798	clean	90	90	0	0.0954	0.0082
10November_2010_Wednesday_tagesschau-6803	occluded	143	143	25	0.8613	0.1139
10November_2010_Wednesday_tagesschau-6804	occluded	136	136	24	0.8117	0.0862
10November_2010_Wednesday_tagesschau-6806	occluded	189	189	62	0.8617	0.1473
10November_2010_Wednesday_tagesschau-6808	clean	167	167	5	0.5524	0.0156
11April_2010_Sunday_tagesschau-8640	clean	148	148	3	0.3376	0.0101
11April_2010_Sunday_tagesschau-8642	clean	151	151	2	0.2741	0.0139
11August_2009_Tuesday_tagesschau-4349	clean	96	96	0	0.0000	0.0000
11August_2009_Tuesday_tagesschau-4350	occluded	124	124	20	0.6598	0.0844
11August_2009_Tuesday_tagesschau-4359	occluded	88	88	11	0.8235	0.0865
11August_2009_Tuesday_tagesschau-4360	ambiguous	29	29	0	0.0000	0.0000
11August_2010_Wednesday_tagesschau-1	clean	86	86	1	0.2031	0.0216
11August_2010_Wednesday_tagesschau-10	clean	168	168	4	0.3218	0.0149
11August_2011_Thursday_heute-3184	ambiguous	83	83	8	0.9145	0.0723
11August_2011_Thursday_heute-3189	ambiguous	66	66	6	0.2555	0.0435
11August_2011_Thursday_heute-3191	occluded	187	187	23	0.7668	0.0686
11December_2009_Friday_tagesschau-3507	ambiguous	124	124	12	0.4695	0.0429
11December_2010_Saturday_tagesschau-8664	occluded	132	132	15	0.5764	0.0633
11February_2010_Thursday_tagesschau-8758	clean	104	104	2	0.2076	0.0338
11February_2010_Thursday_tagesschau-8765	ambiguous	104	104	7	0.5277	0.0339
11February_2010_Thursday_tagesschau-8767	ambiguous	180	180	17	0.9081	0.0725
11February_2010_Thursday_tagesschau-8769	occluded	160	160	22	0.6314	0.0785
11February_2010_Thursday_tagesschau-8770	occluded	102	102	16	0.5574	0.0642
11February_2011_Friday_tagesschau-7759	ambiguous	96	96	6	0.4764	0.0296
11February_2011_Friday_tagesschau-7765	clean	53	53	0	0.1247	0.0156
11January_2011_Tuesday_heute-8166	occluded	77	77	8	0.5629	0.0642
11January_2011_Tuesday_tagesschau-8024	occluded	93	93	10	0.4448	0.0670
11January_2011_Tuesday_tagesschau-8029	occluded	124	124	28	0.6195	0.0895
11May_2010_Tuesday_heute-5988	occluded	196	196	34	0.5361	0.0697
11May_2010_Tuesday_tagesschau-1965	clean	74	74	0	0.1157	0.0079
11May_2010_Tuesday_tagesschau-1968	ambiguous	133	133	9	0.4913	0.0287
11May_2011_Wednesday_tagesschau-7022	occluded	90	90	36	0.9213	0.2348
11November_2009_Wednesday_tagesschau-8036	occluded	137	137	32	0.7281	0.1103
11November_2009_Wednesday_tagesschau-8038	occluded	169	169	34	0.9787	0.1076
11November_2009_Wednesday_tagesschau-8045	occluded	80	80	24	0.9400	0.1460
11November_2010_Thursday_tagesschau-3562	occluded	103	103	29	0.8984	0.1422
11November_2010_Thursday_tagesschau-3568	clean	179	179	5	0.8593	0.0129
11November_2010_Thursday_tagesschau-3569	clean	146	146	6	0.6219	0.0299
11October_2010_Monday_tagesschau-4606	occluded	97	97	53	0.9526	0.2979
11October_2010_Monday_tagesschau-4610	occluded	174	174	33	0.9899	0.1025
11September_2009_Friday_tagesschau-8774	clean	99	99	0	0.0799	0.0060
11September_2009_Friday_tagesschau-8775	clean	86	86	0	0.1725	0.0092
11September_2009_Friday_tagesschau-8776	ambiguous	114	114	9	0.7556	0.0416
11September_2009_Friday_tagesschau-8779	clean	35	35	0	0.0546	0.0025
11September_2010_Saturday_tagesschau-4990	occluded	108	108	16	0.8786	0.0880
11September_2010_Saturday_tagesschau-4993	clean	131	131	0	0.1822	0.0144
12April_2010_Monday_heute-7686	occluded	231	231	65	0.8658	0.1457
12April_2010_Monday_heute-7688	occluded	87	87	25	0.6585	0.1329
12April_2010_Monday_tagesschau-356	occluded	40	40	8	0.3270	0.0776
12April_2010_Monday_tagesschau-362	clean	111	111	0	0.1223	0.0020
12April_2010_Monday_tagesschau-366	ambiguous	173	173	15	0.6173	0.0569
12April_2011_Tuesday_tagesschau-681	occluded	104	104	20	0.9469	0.1044
12April_2011_Tuesday_tagesschau-691	occluded	96	96	12	0.3224	0.0497
12August_2009_Wednesday_tagesschau-1797	occluded	131	131	64	0.9951	0.3096
12August_2009_Wednesday_tagesschau-1802	clean	179	179	6	0.3376	0.0150
12August_2009_Wednesday_tagesschau-1803	occluded	154	154	17	0.5332	0.0500
12August_2009_Wednesday_tagesschau-1805	occluded	122	122	31	0.7464	0.1194
12August_2009_Wednesday_tagesschau-1808	occluded	139	139	15	0.9348	0.0566
12August_2010_Thursday_tagesschau-4404	clean	207	207	7	0.4660	0.0126
12August_2010_Thursday_tagesschau-4405	clean	34	34	0	0.0000	0.0000
12August_2010_Thursday_tagesschau-4406	occluded	124	124	16	1.0000	0.0897
12August_2010_Thursday_tagesschau-4410	clean	89	89	4	0.8261	0.0333
12August_2010_Thursday_tagesschau-4413	ambiguous	198	198	11	0.9300	0.0345
12December_2009_Saturday_tagesschau-4734	ambiguous	230	230	19	0.9570	0.0511
12December_2011_Monday_heute-5801	ambiguous	209	209	18	0.8822	0.0610
12December_2011_Monday_heute-5808	clean	115	115	0	0.0997	0.0040
12December_2011_Monday_heute-5810	clean	54	54	2	0.2476	0.0122
12December_2011_Monday_heute-5813	ambiguous	179	179	14	0.7262	0.0461
12December_2011_Monday_tagesschau-8274	occluded	36	36	7	0.9431	0.1644
12December_2011_Monday_tagesschau-8276	occluded	59	59	13	0.7272	0.1050
12December_2011_Monday_tagesschau-8279	clean	57	57	0	0.0592	0.0063
12January_2010_Tuesday_heute-2547	clean	82	82	3	0.3252	0.0132
12January_2010_Tuesday_heute-2548	clean	48	48	0	0.0000	0.0000
12January_2010_Tuesday_heute-2552	occluded	105	105	18	0.5378	0.0812
12January_2010_Tuesday_tagesschau-2384	occluded	116	116	15	0.7780	0.0656
12January_2010_Tuesday_tagesschau-2386	ambiguous	120	120	7	0.7179	0.0335
12January_2010_Tuesday_tagesschau-2388	clean	141	141	3	0.7205	0.0169
12January_2011_Wednesday_heute-6387	occluded	129	129	22	0.6338	0.0848
12January_2011_Wednesday_heute-6388	ambiguous	108	108	8	0.4523	0.0410
12January_2011_Wednesday_heute-6392	clean	136	136	6	0.6086	0.0424
12January_2011_Wednesday_tagesschau-1725	occluded	121	121	17	0.9540	0.0951
12January_2011_Wednesday_tagesschau-1730	clean	137	137	4	0.4489	0.0230
12January_2011_Wednesday_tagesschau-1736	ambiguous	130	130	7	0.9278	0.0567
12July_2009_Sunday_tagesschau-2568	occluded	130	130	79	1.0000	0.4711
12July_2009_Sunday_tagesschau-2571	ambiguous	66	66	5	0.5820	0.0328
12July_2009_Sunday_tagesschau-2572	occluded	100	100	38	0.8875	0.2015
12July_2009_Sunday_tagesschau-2577	ambiguous	115	115	7	0.8715	0.0373
12July_2010_Monday_heute-251	clean	120	120	0	0.0686	0.0027
12July_2010_Monday_heute-259	clean	55	55	0	0.1528	0.0117
12July_2010_Monday_tagesschau-376	clean	117	117	0	0.0251	0.0007
12July_2010_Monday_tagesschau-380	clean	70	70	0	0.0000	0.0000
12July_2011_Tuesday_heute-1273	ambiguous	187	187	16	0.6200	0.0430
12July_2011_Tuesday_heute-1282	clean	129	129	2	0.2220	0.0158
12July_2011_Tuesday_heute-1284	clean	107	107	0	0.0507	0.0013
12July_2011_Tuesday_heute-1285	clean	50	50	0	0.0000	0.0000
12March_2011_Saturday_tagesschau-2448	occluded	112	112	19	0.7783	0.1022
12March_2011_Saturday_tagesschau-2454	ambiguous	74	74	6	0.5292	0.0355
12May_2010_Wednesday_tagesschau-322	clean	132	132	2	0.2621	0.0151
12November_2009_Thursday_tagesschau-6767	occluded	133	133	25	0.7792	0.1060
12November_2009_Thursday_tagesschau-6774	ambiguous	113	113	7	0.8567	0.0312
12October_2009_Monday_tagesschau-555	clean	80	80	0	0.0000	0.0000
12October_2009_Monday_tagesschau-557	occluded	104	104	13	0.9613	0.0696
12September_2009_Saturday_tagesschau-6586	ambiguous	115	115	8	0.4779	0.0333
12September_2009_Saturday_tagesschau-6587	clean	74	74	0	0.0153	0.0004
12September_2009_Saturday_tagesschau-6594	clean	150	150	2	0.3868	0.0068
12September_2009_Saturday_tagesschau-6598	clean	89	89	0	0.1859	0.0233
12September_2010_Sunday_tagesschau-3911	occluded	110	110	51	0.9971	0.3057
12September_2010_Sunday_tagesschau-3912	ambiguous	170	170	9	0.9050	0.0318
12September_2010_Sunday_tagesschau-3915	ambiguous	210	210	19	0.6603	0.0544
13April_2010_Tuesday_tagesschau-2313	clean	106	106	0	0.0123	0.0001
13April_2010_Tuesday_tagesschau-2316	occluded	49	49	21	0.9263	0.2446
13April_2011_Wednesday_tagesschau-1678	clean	100	100	0	0.1417	0.0049
13April_2011_Wednesday_tagesschau-1686	clean	131	131	0	0.1107	0.0067
13August_2009_Thursday_tagesschau-8484	occluded	39	39	9	0.7342	0.1291
13August_2009_Thursday_tagesschau-8489	occluded	149	149	24	0.7303	0.0712
13December_2009_Sunday_tagesschau-6811	clean	106	106	3	0.4993	0.0113
13December_2009_Sunday_tagesschau-6819	ambiguous	124	124	7	0.3581	0.0549
13December_2010_Monday_tagesschau-6936	occluded	179	179	23	0.7766	0.0821
13December_2010_Monday_tagesschau-6941	clean	122	122	0	0.1925	0.0238
13December_2010_Monday_tagesschau-6943	occluded	170	170	29	0.7923	0.0873
13February_2010_Saturday_tagesschau-6038	occluded	280	280	37	0.7624	0.0655
13January_2010_Wednesday_tagesschau-3821	clean	145	145	7	0.2586	0.0244
13January_2010_Wednesday_tagesschau-3824	clean	138	138	0	0.1499	0.0096
13January_2010_Wednesday_tagesschau-3825	clean	45	45	0	0.1668	0.0211
13July_2009_Monday_tagesschau-7517	occluded	172	172	20	0.9307	0.0619
13July_2010_Tuesday_heute-4810	clean	93	93	0	0.0852	0.0044
13July_2010_Tuesday_heute-4814	clean	108	108	0	0.0408	0.0013
13July_2010_Tuesday_heute-4818	occluded	194	194	39	0.9011	0.0985
13July_2010_Tuesday_tagesschau-4307	occluded	103	103	17	0.6773	0.0820
13July_2011_Wednesday_tagesschau-7986	clean	96	96	0	0.1966	0.0118
13May_2010_Thursday_tagesschau-7918	clean	201	201	0	0.0167	0.0001
13May_2010_Thursday_tagesschau-7925	ambiguous	188	188	10	0.6696	0.0393
13May_2010_Thursday_tagesschau-7927	clean	183	183	8	0.4545	0.0193
13October_2009_Tuesday_tagesschau-1650	clean	129	129	1	0.3631	0.0102
13September_2010_Monday_heute-7165	clean	120	120	0	0.0312	0.0008
14April_2010_Wednesday_heute-1882	occluded	160	160	21	0.7224	0.0714
14April_2010_Wednesday_heute-1884	occluded	129	129	13	0.6431	0.0548
14April_2010_Wednesday_heute-1885	occluded	174	174	29	0.5687	0.0696
14April_2010_Wednesday_heute-1888	clean	267	267	1	0.2063	0.0100
14April_2010_Wednesday_heute-1889	occluded	255	255	36	0.8997	0.0702
14April_2010_Wednesday_tagesschau-3807	occluded	113	113	13	0.5995	0.0901
14April_2010_Wednesday_tagesschau-3816	ambiguous	75	75	5	0.3060	0.0319
14August_2009_Friday_tagesschau-68	clean	65	65	1	0.2388	0.0069
14August_2011_Sunday_tagesschau-3238	occluded	118	118	19	0.8052	0.0821
14December_2009_Monday_tagesschau-2089	occluded	150	150	19	0.9079	0.0679
14December_2010_Tuesday_heute-644	clean	212	212	7	0.4174	0.0129
14December_2010_Tuesday_heute-653	clean	221	221	7	0.3642	0.0317
14December_2010_Tuesday_tagesschau-8459	clean	78	78	2	0.3885	0.0187
14December_2010_Tuesday_tagesschau-8461	clean	104	104	2	0.2241	0.0130
14December_2010_Tuesday_tagesschau-8462	ambiguous	146	146	14	0.7197	0.0586
14December_2010_Tuesday_tagesschau-8464	occluded	102	102	14	0.5492	0.0934
14February_2010_Sunday_tagesschau-3833	occluded	102	102	14	0.3730	0.0648
14February_2010_Sunday_tagesschau-3836	occluded	132	132	27	0.7498	0.1148
14July_2009_Tuesday_tagesschau-2424	occluded	40	40	5	0.4926	0.0869
14July_2009_Tuesday_tagesschau-2431	clean	121	121	2	0.4921	0.0168
14July_2010_Wednesday_heute-6180	ambiguous	51	51	3	0.2722	0.0284
14July_2010_Wednesday_tagesschau-1859	clean	80	80	0	0.0000	0.0000
14July_2010_Wednesday_tagesschau-1860	clean	67	67	0	0.0000	0.0000
14July_2011_Thursday_heute-5865	occluded	157	157	28	0.6678	0.0958
14June_2010_Monday_heute-1596	clean	162	162	5	0.4253	0.0122
14June_2010_Monday_heute-1600	clean	63	63	0	0.0008	0.0000
14June_2010_Monday_heute-1602	occluded	179	179	29	0.9454	0.0924
14June_2010_Monday_tagesschau-3700	clean	65	65	2	0.2257	0.0187
14June_2010_Monday_tagesschau-3702	clean	58	58	0	0.0000	0.0000
14June_2010_Monday_tagesschau-3705	ambiguous	91	91	7	0.5351	0.0284
14March_2011_Monday_tagesschau-7597	occluded	84	84	26	0.8594	0.2022
14March_2011_Monday_tagesschau-7607	clean	83	83	1	0.2005	0.0229
14May_2010_Friday_tagesschau-4805	clean	106	106	5	0.4962	0.0270
14October_2009_Wednesday_tagesschau-523	clean	108	108	2	0.2633	0.0100
14September_2010_Tuesday_heute-8236	clean	75	75	0	0.1454	0.0111
14September_2010_Tuesday_heute-8243	ambiguous	144	144	11	0.3911	0.0353
14September_2010_Tuesday_heute-8244	ambiguous	168	168	12	0.9786	0.0480
14September_2010_Tuesday_heute-8249	clean	66	66	0	0.1101	0.0071
14September_2010_Tuesday_tagesschau-5212	occluded	113	113	46	0.9734	0.2524
14September_2010_Tuesday_tagesschau-5213	clean	54	54	0	0.1330	0.0191
14September_2010_Tuesday_tagesschau-5215	occluded	108	108	27	1.0000	0.1730
15December_2009_Tuesday_tagesschau-6968	ambiguous	139	139	12	0.6641	0.0506
15December_2010_Wednesday_heute-6016	occluded	144	144	39	0.8532	0.1431
15December_2010_Wednesday_tagesschau-47	clean	52	52	0	0.1819	0.0197
15February_2010_Monday_tagesschau-1836	clean	113	113	0	0.0000	0.0000
15February_2010_Monday_tagesschau-1842	clean	58	58	0	0.0297	0.0009
15February_2010_Monday_tagesschau-1844	clean	87	87	2	0.2345	0.0080
15February_2011_Tuesday_heute-7903	occluded	212	212	25	0.6661	0.0561
15February_2011_Tuesday_heute-7905	occluded	222	222	30	0.9894	0.0877
15February_2011_Tuesday_tagesschau-7471	ambiguous	90	90	7	0.8855	0.0453
15July_2009_Wednesday_tagesschau-5294	clean	95	95	0	0.0000	0.0000
15July_2009_Wednesday_tagesschau-5297	clean	152	152	5	0.5243	0.0201
15July_2010_Thursday_tagesschau-4053	occluded	105	105	12	0.4830	0.0507
15July_2010_Thursday_tagesschau-4059	occluded	76	76	18	0.6868	0.1156
15July_2010_Thursday_tagesschau-4060	clean	149	149	5	0.3798	0.0218
15July_2011_Friday_tagesschau-8719	ambiguous	136	136	11	0.8881	0.0513
15June_2010_Tuesday_tagesschau-78	occluded	95	95	38	0.9992	0.2804
15June_2010_Tuesday_tagesschau-85	ambiguous	139	139	7	0.2920	0.0227
15June_2010_Tuesday_tagesschau-87	ambiguous	49	49	4	0.2996	0.0459
15June_2010_Tuesday_tagesschau-89	clean	45	45	0	0.1059	0.0073
15March_2011_Tuesday_tagesschau-3323	clean	148	148	3	0.2372	0.0194
15May_2010_Saturday_tagesschau-5655	clean	123	123	5	0.3370	0.0206
15May_2010_Saturday_tagesschau-5660	occluded	102	102	13	0.9149	0.0745
15November_2009_Sunday_tagesschau-1426	clean	112	112	4	0.3583	0.0238
15November_2009_Sunday_tagesschau-1429	occluded	134	134	27	0.7939	0.0979
15October_2009_Thursday_tagesschau-7718	clean	129	129	3	0.3503	0.0128
15September_2010_Wednesday_heute-2484	occluded	101	101	13	0.9811	0.0731
15September_2010_Wednesday_heute-2486	ambiguous	49	49	3	0.9905	0.0539
15September_2010_Wednesday_tagesschau-5206	ambiguous	118	118	8	0.5942	0.0366
16April_2010_Friday_tagesschau-6579	occluded	231	231	42	0.9615	0.0960
16December_2009_Wednesday_tagesschau-5911	occluded	154	154	37	0.9623	0.1484
16December_2009_Wednesday_tagesschau-5917	ambiguous	108	108	10	0.6157	0.0416
16December_2011_Friday_tagesschau-6527	occluded	80	80	8	0.8833	0.0683
16December_2011_Friday_tagesschau-6533	occluded	79	79	33	0.9910	0.2894
16December_2011_Friday_tagesschau-6535	ambiguous	108	108	10	0.7323	0.0525
16February_2010_Tuesday_tagesschau-6105	clean	70	70	0	0.0000	0.0000
16January_2010_Saturday_tagesschau-8072	clean	114	114	2	0.2199	0.0097
16January_2010_Saturday_tagesschau-8074	clean	129	129	4	0.5326	0.0151
16January_2010_Saturday_tagesschau-8075	clean	44	44	2	0.3410	0.0226
16July_2009_Thursday_tagesschau-5050	clean	87	87	4	0.2502	0.0266
16July_2011_Saturday_tagesschau-7523	ambiguous	96	96	5	0.4373	0.0274
16July_2011_Saturday_tagesschau-7527	clean	152	152	5	0.5967	0.0180
16July_2011_Saturday_tagesschau-7531	occluded	212	212	42	1.0000	0.1365
16June_2010_Wednesday_heute-8320	clean	161	161	4	0.3245	0.0081
16June_2010_Wednesday_heute-8326	clean	52	52	1	0.2335	0.0134
16June_2010_Wednesday_heute-8327	clean	55	55	0	0.0000	0.0000
16June_2010_Wednesday_tagesschau-8152	ambiguous	103	103	8	0.5689	0.0373
16March_2011_Wednesday_tagesschau-2214	clean	101	101	1	0.2131	0.0308
16March_2011_Wednesday_tagesschau-2216	clean	96	96	4	0.3162	0.0166
16May_2010_Sunday_tagesschau-5232	clean	100	100	3	0.2766	0.0221
16May_2010_Sunday_tagesschau-5234	clean	116	116	3	0.2679	0.0199
16November_2009_Monday_tagesschau-3103	ambiguous	139	139	12	0.4328	0.0373
16September_2010_Thursday_tagesschau-6273	occluded	131	131	19	0.6758	0.0844
16September_2010_Thursday_tagesschau-6274	occluded	147	147	24	0.7330	0.0849
16September_2010_Thursday_tagesschau-6279	occluded	109	109	18	0.6779	0.0811
17April_2011_Sunday_tagesschau-2161	clean	132	132	0	0.0462	0.0013
17April_2011_Sunday_tagesschau-2162	clean	168	168	2	0.4459	0.0183
17February_2010_Wednesday_heute-1480	clean	52	52	0	0.0000	0.0000
17February_2010_Wednesday_heute-1484	clean	168	168	0	0.1194	0.0021
17February_2010_Wednesday_tagesschau-4930	occluded	121	121	25	0.7495	0.1089
17February_2010_Wednesday_tagesschau-4932	occluded	144	144	37	0.8738	0.1421
17February_2010_Wednesday_tagesschau-4936	clean	102	102	3	0.3930	0.0156
17February_2011_Thursday_heute-382	occluded	44	44	24	0.8928	0.2895
17February_2011_Thursday_heute-388	ambiguous	234	234	12	0.5128	0.0245
17February_2011_Thursday_tagesschau-6308	ambiguous	144	144	8	0.5650	0.0318
17February_2011_Thursday_tagesschau-6311	occluded	97	97	30	0.7648	0.1471
17February_2011_Thursday_tagesschau-6316	ambiguous	78	78	5	0.3268	0.0420
17January_2010_Sunday_tagesschau-5556	clean	80	80	3	0.7716	0.0240
17January_2011_Monday_tagesschau-6999	occluded	102	102	32	0.4299	0.1098
17June_2010_Thursday_tagesschau-3904	occluded	148	148	47	0.9853	0.1568
17June_2010_Thursday_tagesschau-3905	ambiguous	215	215	15	0.6677	0.0339
17June_2010_Thursday_tagesschau-3906	occluded	91	91	18	0.5158	0.0746
17June_2010_Thursday_tagesschau-3909	clean	143	143	0	0.1462	0.0062
17May_2010_Monday_heute-5566	occluded	118	118	14	0.6384	0.0572
17May_2010_Monday_heute-5570	clean	118	118	0	0.1288	0.0094
17May_2010_Monday_heute-5574	clean	89	89	0	0.1641	0.0035
17May_2010_Monday_tagesschau-8471	occluded	102	102	29	0.6443	0.1270
17October_2009_Saturday_tagesschau-2129	clean	114	114	0	0.1460	0.0078
17October_2009_Saturday_tagesschau-2131	clean	95	95	0	0.0940	0.0041
17September_2010_Friday_tagesschau-3422	occluded	127	127	44	0.9711	0.2019
18December_2010_Saturday_tagesschau-6120	clean	96	96	0	0.0000	0.0000
18February_2011_Friday_tagesschau-6827	clean	155	155	6	0.4207	0.0188
18February_2011_Friday_tagesschau-6830	clean	80	80	0	0.0000	0.0000
18February_2011_Friday_tagesschau-6832	ambiguous	131	131	13	0.8958	0.0545
18February_2011_Friday_tagesschau-6835	occluded	131	131	32	1.0000	0.1540
18January_2010_Monday_heute-3850	clean	73	73	1	0.3491	0.0073
18January_2010_Monday_heute-3858	clean	114	114	0	0.0643	0.0031
18January_2010_Monday_tagesschau-4025	ambiguous	138	138	7	0.4970	0.0231
18January_2011_Tuesday_heute-5465	occluded	156	156	28	0.7078	0.0880
18January_2011_Tuesday_heute-5468	occluded	118	118	57	0.7322	0.2259
18January_2011_Tuesday_heute-5477	clean	130	130	0	0.0965	0.0022
18January_2011_Tuesday_heute-5478	occluded	44	44	6	0.6908	0.0815
18January_2011_Tuesday_tagesschau-6991	occluded	135	135	23	0.6106	0.0832
18January_2011_Tuesday_tagesschau-6994	occluded	92	92	13	0.8685	0.0828
18January_2011_Tuesday_tagesschau-6996	clean	106	106	0	0.1209	0.0024
18July_2009_Saturday_tagesschau-1633	clean	86	86	0	0.1467	0.0111
18July_2010_Sunday_tagesschau-6215	occluded	99	99	12	0.7271	0.0658
18July_2010_Sunday_tagesschau-6217	occluded	176	176	27	0.5131	0.0632
18July_2010_Sunday_tagesschau-6219	occluded	109	109	27	0.9924	0.1464
18June_2010_Friday_tagesschau-4824	clean	135	135	0	0.1600	0.0061
18June_2010_Friday_tagesschau-4829	clean	115	115	0	0.0238	0.0005
18June_2010_Friday_tagesschau-4832	occluded	178	178	18	0.8265	0.0515
18May_2010_Tuesday_heute-3364	clean	282	282	2	0.2230	0.0055
18May_2010_Tuesday_heute-3371	clean	38	38	0	0.0000	0.0000
18November_2011_Friday_tagesschau-2146	clean	224	224	1	0.2045	0.0023
18November_2011_Friday_tagesschau-2151	clean	217	217	3	0.2893	0.0131
18October_2009_Sunday_tagesschau-6681	clean	135	135	0	0.1498	0.0022
18October_2009_Sunday_tagesschau-6682	clean	89	89	3	0.3541	0.0152
18October_2009_Sunday_tagesschau-6688	occluded	118	118	25	0.7450	0.0888
18October_2010_Monday_heute-624	clean	218	218	0	0.1039	0.0022
18October_2010_Monday_heute-627	clean	69	69	0	0.1512	0.0057
18October_2010_Monday_tagesschau-6746	clean	172	172	6	0.4899	0.0183
18September_2010_Saturday_tagesschau-4187	occluded	156	156	63	0.9725	0.2085
18September_2010_Saturday_tagesschau-4192	occluded	111	111	18	0.8133	0.0982
18September_2010_Saturday_tagesschau-4193	occluded	176	176	18	0.8993	0.0493
19April_2010_Monday_heute-770	clean	150	150	3	0.2453	0.0245
19April_2010_Monday_heute-775	clean	131	131	5	0.8158	0.0301
19April_2011_Tuesday_heute-5334	clean	48	48	0	0.0000	0.0000
19April_2011_Tuesday_heute-5335	clean	117	117	3	0.2329	0.0194
19August_2010_Thursday_tagesschau-986	ambiguous	92	92	7	0.4845	0.0431
19August_2010_Thursday_tagesschau-990	occluded	128	128	76	0.9764	0.3177
19August_2010_Thursday_tagesschau-991	clean	114	114	0	0.1373	0.0036
19February_2011_Saturday_tagesschau-5276	ambiguous	180	180	13	0.3318	0.0298
19January_2011_Wednesday_heute-2678	occluded	180	180	37	0.7047	0.1056
19January_2011_Wednesday_heute-2683	occluded	124	124	13	0.5632	0.0671
19January_2011_Wednesday_heute-2686	occluded	153	153	23	0.6625	0.0793
19January_2011_Wednesday_heute-2687	occluded	129	129	44	0.5903	0.1336
19January_2011_Wednesday_tagesschau-7072	occluded	135	135	18	0.7007	0.0730
19January_2011_Wednesday_tagesschau-7080	occluded	108	108	54	0.7608	0.2373
19July_2009_Sunday_tagesschau-1571	occluded	133	133	26	0.8325	0.1010
19July_2009_Sunday_tagesschau-1574	clean	152	152	2	0.3966	0.0135
19March_2011_Saturday_tagesschau-4689	ambiguous	138	138	8	0.4938	0.0436
19March_2011_Saturday_tagesschau-4695	clean	81	81	0	0.1493	0.0138
19May_2010_Wednesday_heute-1115	ambiguous	18	18	6	0.3131	0.1294
19November_2009_Thursday_tagesschau-3792	occluded	59	59	27	0.9146	0.2959
19November_2011_Saturday_tagesschau-3688	clean	184	184	4	0.3036	0.0121
19October_2009_Monday_tagesschau-240	clean	102	102	5	0.2718	0.0292
19October_2009_Monday_tagesschau-242	ambiguous	67	67	4	0.5855	0.0328
19October_2010_Tuesday_heute-8048	occluded	141	141	20	0.8797	0.0749
19October_2010_Tuesday_heute-8051	ambiguous	274	274	22	0.8796	0.0465
19October_2010_Tuesday_heute-8056	occluded	158	158	31	0.8470	0.1003
19October_2010_Tuesday_tagesschau-8285	clean	134	134	0	0.1517	0.0057
19October_2010_Tuesday_tagesschau-8288	occluded	156	156	55	1.0000	0.1906
19October_2010_Tuesday_tagesschau-8294	ambiguous	143	143	14	0.7476	0.0630
19September_2010_Sunday_tagesschau-3796	occluded	163	163	19	0.8262	0.0654
19September_2010_Sunday_tagesschau-3800	occluded	164	164	59	0.9983	0.1847
19September_2010_Sunday_tagesschau-3803	occluded	120	120	28	0.8479	0.1310
20April_2011_Wednesday_tagesschau-3088	ambiguous	122	122	12	0.5846	0.0479
20August_2010_Friday_tagesschau-2719	occluded	197	197	62	0.8305	0.1607
20August_2010_Friday_tagesschau-2721	occluded	140	140	34	0.9900	0.1396
20August_2010_Friday_tagesschau-2723	occluded	80	80	8	0.5455	0.0489
20August_2010_Friday_tagesschau-2724	occluded	104	104	12	0.6794	0.0637
20December_2010_Monday_tagesschau-3201	occluded	73	73	12	0.5070	0.0585
20December_2010_Monday_tagesschau-3209	clean	118	118	2	0.2447	0.0243
20December_2010_Monday_tagesschau-3210	clean	77	77	0	0.0998	0.0049
20December_2010_Monday_tagesschau-3211	clean	89	89	3	0.2873	0.0160
20February_2010_Saturday_tagesschau-7888	clean	126	126	4	0.4060	0.0376
20February_2010_Saturday_tagesschau-7900	clean	107	107	0	0.1310	0.0030
20January_2010_Wednesday_heute-816	clean	61	61	2	0.4131	0.0274
20January_2011_Thursday_tagesschau-3072	occluded	58	58	8	0.4521	0.0499
20July_2010_Tuesday_heute-5248	clean	47	47	2	0.5092	0.0278
20July_2010_Tuesday_heute-5249	clean	154	154	0	0.0846	0.0053
20July_2010_Tuesday_heute-5259	clean	85	85	0	0.1062	0.0052
20July_2010_Tuesday_heute-5260	clean	43	43	2	0.3614	0.0408
20July_2010_Tuesday_tagesschau-7881	occluded	73	73	35	0.9269	0.2704
20June_2011_Monday_tagesschau-1252	occluded	179	179	41	0.8466	0.1097
20May_2010_Thursday_tagesschau-3153	clean	126	126	0	0.0201	0.0003
20May_2010_Thursday_tagesschau-3156	clean	235	235	4	0.4439	0.0090
20November_2009_Friday_tagesschau-6564	ambiguous	72	72	5	0.4783	0.0452
20November_2009_Friday_tagesschau-6569	ambiguous	133	133	7	0.7039	0.0315
20November_2009_Friday_tagesschau-6570	ambiguous	129	129	11	0.6674	0.0508
20November_2009_Friday_tagesschau-6571	clean	102	102	3	0.4078	0.0301
20November_2010_Saturday_tagesschau-1822	clean	126	126	0	0.1586	0.0077
20November_2010_Saturday_tagesschau-1827	clean	68	68	3	0.3444	0.0230
20November_2010_Saturday_tagesschau-1829	clean	126	126	0	0.0751	0.0009
20November_2011_Sunday_tagesschau-535	clean	132	132	3	0.3587	0.0094
20October_2009_Tuesday_tagesschau-3588	clean	101	101	3	0.6570	0.0215
20October_2009_Tuesday_tagesschau-3591	occluded	39	39	7	0.9376	0.1192
20October_2010_Wednesday_tagesschau-8209	ambiguous	71	71	7	0.8969	0.0594
20October_2010_Wednesday_tagesschau-8216	occluded	189	189	24	0.8217	0.0672
20October_2011_Thursday_tagesschau-512	clean	111	111	3	0.2128	0.0178
20September_2010_Monday_heute-2925	clean	42	42	0	0.1892	0.0344
20September_2010_Monday_heute-2926	ambiguous	189	189	17	0.6445	0.0423
21April_2010_Wednesday_heute-3112	clean	79	79	0	0.1831	0.0089
21April_2010_Wednesday_heute-3113	ambiguous	58	58	3	0.3781	0.0233
21April_2010_Wednesday_heute-3115	clean	162	162	0	0.0870	0.0044
21April_2010_Wednesday_heute-3119	clean	195	195	5	0.4459	0.0314
21August_2011_Sunday_tagesschau-267	clean	80	80	1	0.2072	0.0216
21January_2011_Friday_tagesschau-4887	ambiguous	120	120	7	0.3343	0.0245
21January_2011_Friday_tagesschau-4894	ambiguous	179	179	11	0.8520	0.0353
21July_2009_Tuesday_tagesschau-8064	clean	125	125	6	0.4459	0.0210
21July_2009_Tuesday_tagesschau-8066	clean	131	131	5	0.2427	0.0210
21July_2010_Wednesday_tagesschau-7372	occluded	110	110	17	0.5700	0.0668
21July_2010_Wednesday_tagesschau-7373	clean	60	60	2	0.2425	0.0192
21June_2011_Tuesday_tagesschau-1262	occluded	259	259	51	0.8532	0.0852
21June_2011_Tuesday_tagesschau-1263	ambiguous	196	196	19	0.7317	0.0585
21May_2010_Friday_tagesschau-5095	ambiguous	117	117	8	0.3572	0.0379
21May_2010_Friday_tagesschau-5098	occluded	142	142	30	0.8767	0.1220
21November_2009_Saturday_tagesschau-4900	clean	142	142	0	0.0794	0.0027
21November_2010_Sunday_tagesschau-5664	occluded	98	98	12	0.4129	0.0500
21November_2010_Sunday_tagesschau-5667	clean	174	174	0	0.1593	0.0016
21November_2010_Sunday_tagesschau-5670	clean	108	108	1	0.2169	0.0136
21November_2011_Monday_heute-5424	occluded	49	49	27	0.6694	0.2573
21November_2011_Monday_heute-5426	occluded	124	124	14	0.7949	0.0716
21November_2011_Monday_heute-5427	clean	135	135	2	0.2122	0.0236
21November_2011_Monday_heute-5429	occluded	217	217	41	0.9229	0.0923
21November_2011_Monday_tagesschau-2261	occluded	65	65	8	0.6803	0.0726
21November_2011_Monday_tagesschau-2262	occluded	110	110	11	0.5743	0.0576
21November_2011_Monday_tagesschau-2265	clean	81	81	0	0.1237	0.0130
21October_2009_Wednesday_tagesschau-740	clean	86	86	4	0.3798	0.0211
21October_2010_Thursday_tagesschau-1810	occluded	135	135	21	0.7716	0.1000
21October_2010_Thursday_tagesschau-1817	ambiguous	143	143	13	0.4530	0.0528
21October_2010_Thursday_tagesschau-1818	occluded	97	97	11	0.6140	0.0631
21October_2011_Friday_tagesschau-4102	clean	87	87	0	0.1459	0.0067
21October_2011_Friday_tagesschau-4107	clean	119	119	0	0.0051	0.0000
21October_2011_Friday_tagesschau-4112	clean	71	71	1	0.3096	0.0287
22April_2010_Thursday_heute-2115	ambiguous	61	61	5	0.5078	0.0398
22April_2010_Thursday_heute-2116	clean	85	85	1	0.2118	0.0126
22April_2010_Thursday_heute-2117	clean	147	147	2	0.3078	0.0077
22April_2010_Thursday_heute-2123	clean	217	217	0	0.1681	0.0094
22August_2010_Sunday_tagesschau-1342	ambiguous	72	72	7	0.6528	0.0395
22December_2010_Wednesday_tagesschau-5066	clean	41	41	0	0.0000	0.0000
22December_2010_Wednesday_tagesschau-5071	ambiguous	105	105	9	0.4252	0.0418
22December_2010_Wednesday_tagesschau-5072	clean	105	105	0	0.0136	0.0001
22December_2010_Wednesday_tagesschau-5073	occluded	90	90	15	0.8160	0.0782
22February_2010_Monday_tagesschau-3242	occluded	60	60	7	0.5574	0.0640
22February_2010_Monday_tagesschau-3243	ambiguous	65	65	5	0.7569	0.0349
22February_2010_Monday_tagesschau-3252	clean	150	150	4	0.2744	0.0276
22January_2010_Friday_tagesschau-906	clean	56	56	0	0.1533	0.0299
22January_2010_Friday_tagesschau-913	clean	110	110	2	0.2189	0.0073
22January_2011_Saturday_tagesschau-2075	ambiguous	163	163	11	0.4984	0.0411
22January_2011_Saturday_tagesschau-2078	occluded	119	119	17	0.6839	0.0822
22January_2011_Saturday_tagesschau-2084	occluded	129	129	15	0.3984	0.0625
22July_2010_Thursday_heute-8799	ambiguous	56	56	4	0.2646	0.0385
22July_2010_Thursday_heute-8807	ambiguous	245	245	20	0.9516	0.0466
22July_2010_Thursday_heute-8809	occluded	144	144	34	0.9191	0.1207
22July_2010_Thursday_heute-8810	ambiguous	239	239	22	0.4807	0.0521
22July_2010_Thursday_heute-8813	occluded	90	90	9	0.5606	0.0439
22July_2010_Thursday_tagesschau-8196	clean	123	123	5	0.5320	0.0252
22July_2010_Thursday_tagesschau-8198	clean	138	138	4	0.9653	0.0313
22July_2010_Thursday_tagesschau-8199	clean	121	121	3	0.2425	0.0143
22June_2011_Wednesday_heute-4380	occluded	97	97	21	0.5166	0.1057
22June_2011_Wednesday_heute-4382	ambiguous	268	268	20	0.9610	0.0478
22June_2011_Wednesday_heute-4383	clean	218	218	0	0.1554	0.0041
22March_2011_Tuesday_tagesschau-4963	ambiguous	169	169	15	0.8872	0.0610
22May_2010_Saturday_tagesschau-2731	ambiguous	152	152	9	0.5761	0.0314
22May_2010_Saturday_tagesschau-2734	clean	218	218	5	0.3424	0.0086
22May_2010_Saturday_tagesschau-2739	clean	87	87	0	0.1137	0.0085
22November_2009_Sunday_tagesschau-5482	clean	76	76	0	0.0106	0.0002
22November_2009_Sunday_tagesschau-5485	clean	96	96	0	0.0000	0.0000
22November_2009_Sunday_tagesschau-5486	ambiguous	79	79	5	0.2958	0.0420
22November_2009_Sunday_tagesschau-5489	clean	50	50	0	0.0000	0.0000
22November_2010_Monday_heute-278	clean	208	208	0	0.0596	0.0003
22November_2010_Monday_heute-281	clean	38	38	0	0.0770	0.0048
22November_2010_Monday_heute-282	ambiguous	213	213	13	0.4694	0.0322
22November_2011_Tuesday_heute-4649	clean	174	174	0	0.1035	0.0021
22November_2011_Tuesday_heute-4653	clean	195	195	3	0.2503	0.0111
22November_2011_Tuesday_heute-4654	clean	110	110	0	0.0000	0.0000
22November_2011_Tuesday_heute-4655	clean	141	141	7	0.2530	0.0285
22October_2009_Thursday_tagesschau-1137	clean	115	115	0	0.1631	0.0100
22October_2009_Thursday_tagesschau-1138	clean	38	38	0	0.1856	0.0054
22October_2009_Thursday_tagesschau-1139	clean	94	94	0	0.0913	0.0034
22October_2010_Friday_tagesschau-2408	clean	134	134	4	0.3136	0.0124
22October_2010_Friday_tagesschau-2414	clean	125	125	0	0.1493	0.0054
22September_2010_Wednesday_heute-2614	clean	159	159	0	0.0384	0.0014
22September_2010_Wednesday_heute-2619	occluded	70	70	10	1.0000	0.0973
23April_2010_Friday_tagesschau-3665	clean	136	136	0	0.0000	0.0000
23April_2010_Friday_tagesschau-3671	clean	160	160	1	0.2175	0.0155
23August_2010_Monday_heute-5315	occluded	37	37	26	0.9930	0.3741
23August_2010_Monday_heute-5317	clean	113	113	0	0.0923	0.0132
23August_2010_Monday_heute-5324	occluded	69	69	19	0.9840	0.1885
23August_2010_Monday_tagesschau-4434	occluded	153	153	26	0.8179	0.0984
23December_2010_Thursday_tagesschau-1431	occluded	268	268	34	0.6201	0.0635
23December_2010_Thursday_tagesschau-1434	occluded	42	42	6	0.4718	0.0646
23February_2010_Tuesday_heute-6247	occluded	149	149	32	0.7150	0.1114
23February_2010_Tuesday_tagesschau-190	clean	73	73	0	0.0760	0.0022
23February_2010_Tuesday_tagesschau-198	ambiguous	110	110	10	0.5328	0.0481
23February_2011_Wednesday_heute-3765	occluded	38	38	6	0.9784	0.1116
23February_2011_Wednesday_heute-3767	occluded	60	60	6	0.4623	0.0486
23February_2011_Wednesday_heute-3769	occluded	141	141	56	0.8762	0.2261
23February_2011_Wednesday_heute-3779	occluded	155	155	22	0.9284	0.0864
23January_2011_Sunday_tagesschau-7824	clean	74	74	0	0.0039	0.0001
23January_2011_Sunday_tagesschau-7831	clean	114	114	3	0.2794	0.0073
23January_2011_Sunday_tagesschau-7836	ambiguous	115	115	6	1.0000	0.0450
23January_2013_Wednesday_tagesschau-432	clean	111	111	0	0.0866	0.0026
23July_2009_Thursday_tagesschau-6754	clean	80	80	0	0.1409	0.0053
23July_2009_Thursday_tagesschau-6757	clean	135	135	0	0.0936	0.0031
23July_2009_Thursday_tagesschau-6763	ambiguous	51	51	4	0.4445	0.0494
23July_2010_Friday_tagesschau-584	occluded	227	227	36	0.9614	0.0854
23July_2011_Saturday_tagesschau-5497	ambiguous	154	154	11	0.6262	0.0360
23March_2011_Wednesday_tagesschau-8748	occluded	111	111	30	1.0000	0.1550
23March_2011_Wednesday_tagesschau-8750	occluded	81	81	24	0.8108	0.1372
23March_2011_Wednesday_tagesschau-8753	clean	127	127	2	0.2314	0.0175
23March_2011_Wednesday_tagesschau-8755	occluded	128	128	20	0.6314	0.0746
23May_2011_Monday_heute-6454	occluded	129	129	24	0.9686	0.1002
23May_2011_Monday_heute-6457	occluded	153	153	32	0.8711	0.1366
23May_2011_Monday_heute-6460	ambiguous	142	142	9	0.7906	0.0348
23May_2011_Monday_tagesschau-1106	ambiguous	125	125	12	0.9578	0.0595
23November_2011_Wednesday_heute-2392	occluded	47	47	13	0.6682	0.1014
23November_2011_Wednesday_heute-2393	occluded	66	66	18	0.7064	0.1228
23November_2011_Wednesday_heute-2396	occluded	62	62	13	0.7883	0.0920
23November_2011_Wednesday_heute-2399	clean	124	124	6	0.6789	0.0398
23September_2009_Wednesday_tagesschau-7579	occluded	113	113	22	0.2737	0.0657
23September_2009_Wednesday_tagesschau-7584	occluded	198	198	39	1.0000	0.1153
23September_2010_Thursday_heute-6473	clean	153	153	0	0.1289	0.0021
23September_2010_Thursday_heute-6478	occluded	133	133	14	0.5530	0.0466
23September_2010_Thursday_heute-6480	clean	99	99	0	0.0093	0.0002
23September_2010_Thursday_heute-6481	clean	68	68	0	0.0000	0.0000
23September_2010_Thursday_tagesschau-3439	clean	105	105	0	0.0000	0.0000
23September_2010_Thursday_tagesschau-3443	occluded	178	178	25	1.0000	0.1063
23September_2010_Thursday_tagesschau-3445	clean	140	140	0	0.1185	0.0065
24August_2009_Monday_heute-6637	occluded	71	71	13	0.4809	0.0777
24August_2010_Tuesday_heute-3013	clean	91	91	4	0.6866	0.0275
24August_2010_Tuesday_tagesschau-2193	ambiguous	49	49	3	0.5721	0.0300
24August_2010_Tuesday_tagesschau-2194	clean	92	92	4	0.4570	0.0217
24August_2010_Tuesday_tagesschau-2195	ambiguous	113	113	7	0.7712	0.0403
24August_2010_Tuesday_tagesschau-2202	occluded	69	69	8	0.9050	0.0723
24December_2010_Friday_tagesschau-5132	occluded	199	199	39	0.7872	0.1030
24December_2010_Friday_tagesschau-5134	clean	125	125	4	0.4822	0.0151
24February_2011_Thursday_heute-6668	ambiguous	166	166	10	0.5169	0.0291
24February_2011_Thursday_tagesschau-4765	clean	42	42	0	0.0000	0.0000
24January_2010_Sunday_tagesschau-8708	clean	112	112	0	0.1541	0.0107
24January_2011_Monday_heute-6974	ambiguous	168	168	11	0.4384	0.0274
24January_2011_Monday_tagesschau-3715	occluded	73	73	9	0.9153	0.0864
24January_2011_Monday_tagesschau-3722	ambiguous	97	97	5	0.8047	0.0287
24January_2013_Thursday_heute-7253	occluded	49	49	11	0.5385	0.0935
24January_2013_Thursday_tagesschau-6330	ambiguous	81	81	6	0.6493	0.0502
24January_2013_Thursday_tagesschau-6331	ambiguous	58	58	5	0.4360	0.0408
24July_2010_Saturday_tagesschau-6333	ambiguous	124	124	11	0.3319	0.0434
24July_2010_Saturday_tagesschau-6334	clean	214	214	0	0.1408	0.0044
24July_2010_Saturday_tagesschau-6336	clean	138	138	0	0.1217	0.0091
24July_2010_Saturday_tagesschau-6340	clean	98	98	4	0.4103	0.0182
24July_2011_Sunday_tagesschau-6623	ambiguous	125	125	7	0.6232	0.0253
24July_2011_Sunday_tagesschau-6626	clean	121	121	6	0.5106	0.0239
24July_2011_Sunday_tagesschau-6629	clean	196	196	0	0.1042	0.0150
24June_2010_Thursday_tagesschau-7306	clean	196	196	0	0.0292	0.0007
24June_2010_Thursday_tagesschau-7307	clean	89	89	0	0.0000	0.0000
24June_2010_Thursday_tagesschau-7309	ambiguous	125	125	10	0.6212	0.0424
24June_2010_Thursday_tagesschau-7310	clean	121	121	0	0.0058	0.0001
24June_2010_Thursday_tagesschau-7312	clean	56	56	0	0.0000	0.0000
24March_2011_Thursday_heute-6375	occluded	113	113	22	0.7954	0.1093
24March_2011_Thursday_heute-6377	occluded	153	153	18	1.0000	0.0748
24March_2011_Thursday_tagesschau-3940	occluded	97	97	22	0.9902	0.1510
24March_2011_Thursday_tagesschau-3941	occluded	88	88	15	0.7229	0.0729
24May_2010_Monday_tagesschau-3141	occluded	106	106	17	0.5426	0.0724
24May_2010_Monday_tagesschau-3145	ambiguous	138	138	7	0.7020	0.0271
24May_2010_Monday_tagesschau-3148	occluded	101	101	38	0.9550	0.2150
24May_2011_Tuesday_heute-6066	occluded	151	151	24	0.9196	0.0897
24May_2011_Tuesday_tagesschau-4469	occluded	149	149	41	1.0000	0.1844
24May_2011_Tuesday_tagesschau-4470	occluded	104	104	44	1.0000	0.2938
24May_2011_Tuesday_tagesschau-4475	occluded	113	113	17	0.7527	0.0622
24November_2009_Tuesday_tagesschau-5693	clean	77	77	3	0.2638	0.0203
24November_2011_Thursday_heute-221	clean	176	176	6	0.7017	0.0241
24November_2011_Thursday_heute-225	clean	300	300	15	0.7203	0.0294
24November_2011_Thursday_tagesschau-8334	occluded	168	168	18	0.5136	0.0626
24November_2011_Thursday_tagesschau-8336	occluded	140	140	22	0.9470	0.0990
24October_2009_Saturday_tagesschau-4277	clean	98	98	0	0.1282	0.0137
24October_2009_Saturday_tagesschau-4279	occluded	68	68	15	0.7085	0.1098
24September_2009_Thursday_heute-6089	occluded	224	224	54	0.9888	0.1338
24September_2010_Friday_tagesschau-206	clean	167	167	0	0.1356	0.0022
24September_2010_Friday_tagesschau-208	clean	236	236	10	0.3357	0.0292
24September_2010_Friday_tagesschau-212	clean	115	115	4	0.7680	0.0167
25April_2010_Sunday_tagesschau-4947	ambiguous	131	131	13	0.6427	0.0562
25April_2010_Sunday_tagesschau-4948	occluded	125	125	30	0.7927	0.1359
25August_2009_Tuesday_heute-3306	clean	43	43	0	0.0084	0.0005
25August_2009_Tuesday_heute-3308	occluded	93	93	10	0.4358	0.0455
25August_2009_Tuesday_tagesschau-7088	clean	129	129	3	0.3512	0.0137
25February_2010_Thursday_tagesschau-1755	occluded	99	99	11	0.9447	0.0944
25February_2010_Thursday_tagesschau-1762	clean	115	115	3	0.3121	0.0234
25February_2010_Thursday_tagesschau-1763	clean	157	157	7	0.6315	0.0238
25February_2011_Friday_tagesschau-567	occluded	149	149	38	0.8279	0.1289
25January_2010_Monday_heute-1470	occluded	218	218	43	0.9898	0.1570
25January_2010_Monday_heute-1473	occluded	43	43	14	0.5013	0.1326
25January_2010_Monday_tagesschau-8301	clean	35	35	0	0.0000	0.0000
25January_2010_Monday_tagesschau-8309	ambiguous	111	111	6	0.4266	0.0288
25January_2010_Monday_tagesschau-8310	clean	66	66	2	0.2831	0.0378
25January_2011_Tuesday_tagesschau-2987	ambiguous	142	142	12	0.5044	0.0426
25January_2013_Friday_tagesschau-7821	occluded	97	97	12	0.4219	0.0637
25July_2010_Sunday_tagesschau-4776	clean	57	57	0	0.0000	0.0000
25July_2010_Sunday_tagesschau-4777	clean	78	78	1	0.3042	0.0183
25July_2010_Sunday_tagesschau-4781	clean	176	176	0	0.0464	0.0007
25July_2010_Sunday_tagesschau-4783	clean	180	180	0	0.1405	0.0054
25July_2011_Monday_heute-8227	occluded	119	119	25	0.7455	0.1052
25June_2010_Friday_tagesschau-3885	clean	167	167	3	0.6392	0.0113
25May_2010_Tuesday_tagesschau-1295	clean	118	118	3	0.2866	0.0245
25November_2010_Thursday_tagesschau-2525	occluded	85	85	9	0.3329	0.0442
25October_2010_Monday_heute-2041	clean	121	121	5	0.9757	0.0276
25October_2010_Monday_heute-2045	clean	198	198	0	0.1108	0.0015
25October_2010_Monday_heute-2048	clean	181	181	0	0.0000	0.0000
25October_2010_Monday_tagesschau-15	clean	138	138	6	0.4750	0.0240
25September_2010_Saturday_tagesschau-3485	ambiguous	176	176	9	0.6754	0.0256
26April_2010_Monday_heute-3401	ambiguous	118	118	8	0.4047	0.0387
26August_2009_Wednesday_heute-6549	occluded	112	112	30	0.9246	0.1406
26August_2009_Wednesday_heute-6550	clean	87	87	0	0.0285	0.0003
26August_2009_Wednesday_heute-6551	clean	99	99	0	0.0121	0.0002
26August_2009_Wednesday_heute-6554	clean	64	64	0	0.1197	0.0099
26August_2009_Wednesday_tagesschau-3214	clean	104	104	3	0.2816	0.0128
26August_2009_Wednesday_tagesschau-3217	clean	69	69	0	0.0226	0.0003
26August_2010_Thursday_tagesschau-4272	occluded	104	104	35	0.8411	0.1950
26August_2010_Thursday_tagesschau-4274	clean	79	79	0	0.0177	0.0005
26August_2010_Thursday_tagesschau-4275	clean	43	43	0	0.0000	0.0000
26February_2011_Saturday_tagesschau-3425	occluded	121	121	13	0.4545	0.0600
26February_2011_Saturday_tagesschau-3427	ambiguous	141	141	14	1.0000	0.0571
26February_2011_Saturday_tagesschau-3435	occluded	88	88	14	0.3397	0.0793
26January_2010_Tuesday_heute-104	occluded	231	231	24	0.9944	0.0664
26January_2010_Tuesday_heute-96	clean	184	184	5	0.3798	0.0225
26January_2010_Tuesday_tagesschau-2788	occluded	198	198	25	0.9273	0.0730
26January_2010_Tuesday_tagesschau-2793	ambiguous	158	158	13	0.4519	0.0414
26July_2010_Monday_tagesschau-6257	ambiguous	224	224	21	0.3277	0.0329
26July_2010_Monday_tagesschau-6258	clean	85	85	0	0.0233	0.0006
26July_2010_Monday_tagesschau-6261	clean	141	141	4	0.3857	0.0215
26July_2010_Monday_tagesschau-6263	clean	107	107	2	0.2627	0.0101
26June_2010_Saturday_tagesschau-719	occluded	105	105	11	0.3222	0.0498
26June_2010_Saturday_tagesschau-729	clean	185	185	3	0.3006	0.0061
26May_2010_Wednesday_heute-7870	clean	149	149	4	0.8621	0.0369
26May_2010_Wednesday_tagesschau-6723	occluded	115	115	41	1.0000	0.2256
26May_2011_Thursday_tagesschau-4786	occluded	113	113	26	0.8574	0.1417
26May_2011_Thursday_tagesschau-4788	clean	137	137	4	0.6804	0.0236
26October_2009_Monday_tagesschau-1396	ambiguous	93	93	5	0.3437	0.0459
26October_2009_Monday_tagesschau-1397	occluded	87	87	15	0.9830	0.1094
26October_2010_Tuesday_tagesschau-5787	clean	69	69	0	0.0282	0.0006
26October_2010_Tuesday_tagesschau-5790	clean	109	109	0	0.0000	0.0000
26October_2010_Tuesday_tagesschau-5793	clean	126	126	0	0.0547	0.0010
26October_2010_Tuesday_tagesschau-5797	occluded	129	129	16	0.9065	0.0687
26September_2009_Saturday_tagesschau-2345	ambiguous	141	141	12	0.7372	0.0600
26September_2010_Sunday_tagesschau-5936	ambiguous	107	107	6	0.4558	0.0285
26September_2010_Sunday_tagesschau-5941	clean	131	131	0	0.0000	0.0000
27April_2010_Tuesday_heute-1029	clean	46	46	0	0.0723	0.0060
27April_2010_Tuesday_tagesschau-4507	ambiguous	43	43	4	0.9389	0.0819
27April_2010_Tuesday_tagesschau-4508	ambiguous	84	84	8	0.6537	0.0578
27April_2010_Tuesday_tagesschau-4510	occluded	149	149	19	0.6309	0.0688
27April_2010_Tuesday_tagesschau-4511	occluded	195	195	50	0.9098	0.1489
27April_2010_Tuesday_tagesschau-4515	ambiguous	97	97	9	0.6106	0.0453
27August_2009_Thursday_tagesschau-3277	clean	69	69	0	0.0000	0.0000
27August_2009_Thursday_tagesschau-3279	ambiguous	132	132	11	0.7238	0.0336
27February_2010_Saturday_tagesschau-7766	ambiguous	109	109	8	0.2626	0.0343
27February_2010_Saturday_tagesschau-7770	clean	118	118	3	0.3310	0.0236
27February_2010_Saturday_tagesschau-7773	clean	154	154	5	0.5922	0.0220
27February_2011_Sunday_tagesschau-6109	occluded	64	64	11	0.6550	0.0955
27February_2011_Sunday_tagesschau-6115	ambiguous	103	103	6	0.3703	0.0288
27January_2013_Sunday_tagesschau-8831	clean	115	115	3	0.2933	0.0154
27January_2013_Sunday_tagesschau-8837	clean	104	104	0	0.1203	0.0038
27January_2013_Sunday_tagesschau-8839	clean	55	55	0	0.0000	0.0000
27July_2010_Tuesday_heute-5262	clean	62	62	0	0.1950	0.0055
27July_2010_Tuesday_heute-5266	occluded	55	55	8	0.3602	0.0706
27July_2010_Tuesday_heute-5267	clean	223	223	7	0.6977	0.0257
27July_2010_Tuesday_heute-5272	ambiguous	175	175	12	0.4092	0.0325
27July_2010_Tuesday_tagesschau-6047	clean	112	112	0	0.0949	0.0128
27July_2010_Tuesday_tagesschau-6050	clean	52	52	0	0.1178	0.0033
27June_2011_Monday_heute-2464	ambiguous	131	131	11	0.6075	0.0480
27June_2011_Monday_heute-2465	clean	76	76	0	0.0357	0.0032
27June_2011_Monday_heute-2466	clean	170	170	2	0.2241	0.0083
27May_2010_Thursday_heute-1224	ambiguous	73	73	6	0.4094	0.0481
27May_2010_Thursday_heute-1225	ambiguous	97	97	6	0.2635	0.0172
27May_2010_Thursday_heute-1232	clean	159	159	5	0.4496	0.0235
27May_2010_Thursday_tagesschau-8377	occluded	144	144	31	0.8027	0.1014
27May_2010_Thursday_tagesschau-8380	ambiguous	131	131	11	0.6691	0.0468
27May_2011_Friday_tagesschau-8128	occluded	153	153	22	0.8052	0.0960
27May_2011_Friday_tagesschau-8130	ambiguous	45	45	3	0.3068	0.0238
27November_2009_Friday_tagesschau-7334	clean	182	182	4	0.6518	0.0132
27November_2009_Friday_tagesschau-7336	clean	75	75	1	0.6059	0.0111
27November_2011_Sunday_tagesschau-5141	occluded	85	85	10	0.5906	0.0632
27November_2011_Sunday_tagesschau-5144	clean	125	125	5	0.3377	0.0185
27November_2011_Sunday_tagesschau-5153	occluded	79	79	17	0.4393	0.0811
27October_2009_Tuesday_tagesschau-6154	ambiguous	133	133	9	0.6943	0.0434
27October_2009_Tuesday_tagesschau-6157	clean	50	50	0	0.1663	0.0182
27October_2010_Wednesday_tagesschau-7458	ambiguous	124	124	7	0.9911	0.0352
27October_2010_Wednesday_tagesschau-7459	ambiguous	120	120	8	0.3061	0.0203
27October_2010_Wednesday_tagesschau-7464	clean	100	100	1	0.2167	0.0051
27October_2010_Wednesday_tagesschau-7466	occluded	142	142	21	0.7273	0.0630
27September_2009_Sunday_tagesschau-2171	clean	140	140	1	0.2790	0.0035
28April_2010_Wednesday_heute-5188	ambiguous	95	95	7	0.5497	0.0306
28August_2009_Friday_tagesschau-5873	occluded	141	141	29	0.6749	0.1000
28August_2009_Friday_tagesschau-5876	clean	42	42	1	0.2002	0.0151
28August_2009_Friday_tagesschau-5885	occluded	110	110	26	1.0000	0.1455
28August_2010_Saturday_tagesschau-8185	occluded	166	166	27	0.6772	0.0725
28December_2011_Wednesday_tagesschau-1906	occluded	125	125	18	0.4279	0.0655
28December_2011_Wednesday_tagesschau-1910	ambiguous	90	90	5	0.3374	0.0239
28December_2011_Wednesday_tagesschau-1914	ambiguous	99	99	8	0.4754	0.0355
28February_2011_Monday_tagesschau-4980	occluded	130	130	24	1.0000	0.0923
28January_2010_Thursday_heute-2890	clean	91	91	2	0.2491	0.0155
28January_2010_Thursday_heute-2891	occluded	137	137	27	0.9779	0.1012
28January_2010_Thursday_heute-2896	occluded	94	94	43	0.9900	0.2709
28January_2013_Monday_heute-7992	clean	35	35	0	0.0410	0.0032
28January_2013_Monday_heute-8005	clean	148	148	4	0.2300	0.0180
28January_2013_Monday_heute-8006	clean	37	37	0	0.0310	0.0018
28January_2013_Monday_tagesschau-3617	occluded	104	104	20	0.8606	0.1226
28July_2010_Wednesday_tagesschau-859	clean	120	120	3	0.2226	0.0210
28July_2010_Wednesday_tagesschau-870	occluded	118	118	25	0.8066	0.0933
28March_2011_Monday_tagesschau-2288	occluded	123	123	29	0.7703	0.1076
28March_2011_Monday_tagesschau-2289	occluded	105	105	19	0.8562	0.1163
28May_2010_Friday_tagesschau-7495	clean	135	135	0	0.0744	0.0052
28May_2010_Friday_tagesschau-7500	ambiguous	161	161	9	0.3125	0.0201
28May_2011_Saturday_tagesschau-2595	occluded	99	99	11	0.5163	0.0590
28May_2011_Saturday_tagesschau-2606	clean	106	106	3	0.2521	0.0251
28May_2011_Saturday_tagesschau-2607	occluded	115	115	20	0.3047	0.0711
28May_2011_Saturday_tagesschau-2609	clean	92	92	1	0.2886	0.0160
28November_2010_Sunday_tagesschau-2438	clean	59	59	0	0.1178	0.0102
28November_2011_Monday_tagesschau-160	occluded	102	102	42	0.6240	0.1906
28October_2010_Thursday_heute-332	clean	128	128	5	0.4264	0.0217
28October_2010_Thursday_tagesschau-5928	ambiguous	97	97	9	0.5450	0.0481
28October_2010_Thursday_tagesschau-5932	clean	179	179	6	0.4692	0.0171
28September_2009_Monday_tagesschau-4674	clean	133	133	6	0.3643	0.0149
28September_2009_Monday_tagesschau-4676	clean	146	146	2	0.3801	0.0187
28September_2009_Monday_tagesschau-4684	clean	94	94	3	0.2218	0.0185
28September_2010_Tuesday_heute-8346	clean	137	137	0	0.0339	0.0003
28September_2010_Tuesday_heute-8354	occluded	144	144	33	0.7597	0.1161
28September_2010_Tuesday_heute-8357	occluded	92	92	13	0.3857	0.0610
28September_2010_Tuesday_tagesschau-340	occluded	99	99	12	0.3691	0.0640
28September_2010_Tuesday_tagesschau-344	occluded	95	95	19	0.6773	0.1053
28September_2012_Friday_tagesschau-918	occluded	95	95	18	0.9758	0.1421
28September_2012_Friday_tagesschau-919	occluded	54	54	31	0.8904	0.3288
29April_2010_Thursday_heute-8616	clean	194	194	8	0.5548	0.0252
29April_2010_Thursday_heute-8631	clean	41	41	2	0.2844	0.0184
29April_2010_Thursday_tagesschau-4874	clean	36	36	0	0.0000	0.0000
29April_2010_Thursday_tagesschau-4875	occluded	94	94	26	0.9761	0.1748
29April_2010_Thursday_tagesschau-4886	clean	43	43	0	0.1347	0.0053
29August_2009_Saturday_tagesschau-5022	ambiguous	70	70	6	0.4224	0.0368
29August_2009_Saturday_tagesschau-5024	clean	51	51	0	0.0779	0.0085
29August_2009_Saturday_tagesschau-5027	occluded	100	100	17	0.7781	0.0820
29August_2011_Monday_tagesschau-5711	occluded	104	104	20	0.7238	0.1023
29August_2011_Monday_tagesschau-5717	occluded	119	119	29	0.8872	0.1365
29August_2011_Monday_tagesschau-5718	occluded	160	160	45	1.0000	0.1527
29December_2011_Thursday_tagesschau-2364	occluded	77	77	12	0.6046	0.0747
29December_2011_Thursday_tagesschau-2375	occluded	114	114	12	0.6700	0.0439
29January_2010_Friday_tagesschau-6487	occluded	178	178	28	0.9707	0.0830
29January_2010_Friday_tagesschau-6488	clean	38	38	0	0.0417	0.0011
29January_2010_Friday_tagesschau-6497	clean	48	48	0	0.0639	0.0093
29January_2011_Saturday_tagesschau-8656	occluded	161	161	20	0.4581	0.0583
29January_2013_Tuesday_tagesschau-884	occluded	97	97	10	0.5048	0.0557
29January_2013_Tuesday_tagesschau-885	occluded	134	134	43	0.9816	0.1818
29July_2010_Thursday_heute-7741	occluded	142	142	29	0.7810	0.1143
29July_2010_Thursday_heute-7750	clean	55	55	2	0.2939	0.0233
29July_2010_Thursday_tagesschau-7412	clean	95	95	4	0.5911	0.0317
29June_2010_Tuesday_tagesschau-7699	occluded	156	156	37	0.9878	0.1586
29June_2010_Tuesday_tagesschau-7703	occluded	46	46	17	0.4661	0.1473
29June_2011_Wednesday_tagesschau-4480	occluded	95	95	13	0.2417	0.0637
29June_2011_Wednesday_tagesschau-4487	clean	90	90	3	0.7019	0.0209
29March_2010_Monday_tagesschau-8386	occluded	74	74	18	0.9326	0.1315
29March_2011_Tuesday_tagesschau-8109	clean	93	93	0	0.0000	0.0000
29May_2010_Saturday_tagesschau-8418	clean	68	68	0	0.0369	0.0008
29May_2011_Sunday_tagesschau-755	clean	101	101	2	0.3147	0.0367
29May_2011_Sunday_tagesschau-758	clean	102	102	2	0.2626	0.0129
29May_2011_Sunday_tagesschau-763	clean	108	108	0	0.1010	0.0025
29May_2011_Sunday_tagesschau-766	clean	139	139	0	0.1426	0.0055
29November_2011_Tuesday_heute-8085	occluded	173	173	63	0.9488	0.1950
29November_2011_Tuesday_heute-8086	occluded	224	224	33	0.9447	0.0985
29November_2011_Tuesday_tagesschau-5613	occluded	103	103	23	0.9927	0.1223
29November_2011_Tuesday_tagesschau-5614	clean	147	147	6	0.2808	0.0143
29November_2011_Tuesday_tagesschau-5616	ambiguous	94	94	9	0.5651	0.0571
29October_2009_Thursday_tagesschau-1015	occluded	140	140	19	0.6775	0.0743
29September_2009_Tuesday_tagesschau-8534	clean	78	78	1	0.2015	0.0195
29September_2009_Tuesday_tagesschau-8536	clean	137	137	6	0.7356	0.0278
29September_2010_Wednesday_heute-5461	clean	219	219	8	0.4318	0.0220
29September_2010_Wednesday_tagesschau-1785	occluded	104	104	21	0.8522	0.1008
29September_2010_Wednesday_tagesschau-1788	occluded	171	171	37	0.7031	0.1057
29September_2010_Wednesday_tagesschau-1792	occluded	117	117	21	0.7322	0.0824
29September_2011_Thursday_heute-4227	occluded	145	145	21	0.5179	0.0598
29September_2011_Thursday_tagesschau-7232	ambiguous	104	104	8	0.6405	0.0410
30April_2010_Friday_tagesschau-2017	occluded	85	85	19	0.6024	0.0989
30April_2010_Friday_tagesschau-2018	clean	41	41	0	0.0427	0.0048
30August_2010_Monday_tagesschau-2832	clean	119	119	4	0.3581	0.0181
30August_2011_Tuesday_heute-785	occluded	146	146	17	0.6513	0.0592
30December_2010_Thursday_tagesschau-2227	ambiguous	104	104	6	0.4801	0.0263
30January_2010_Saturday_tagesschau-1699	clean	114	114	3	0.2572	0.0101
30January_2010_Saturday_tagesschau-1701	clean	117	117	0	0.0824	0.0022
30January_2011_Sunday_tagesschau-6350	occluded	58	58	6	0.6500	0.0493
30January_2013_Wednesday_tagesschau-463	occluded	112	112	18	0.7623	0.0954
30January_2013_Wednesday_tagesschau-473	occluded	104	104	12	0.5226	0.0459
30July_2011_Saturday_tagesschau-8587	clean	103	103	0	0.1592	0.0259
30July_2011_Saturday_tagesschau-8599	occluded	71	71	8	0.5084	0.0608
30June_2009_Tuesday_tagesschau-2955	ambiguous	62	62	4	0.4603	0.0393
30March_2010_Tuesday_heute-7568	occluded	205	205	70	1.0000	0.2531
30May_2010_Sunday_tagesschau-4167	clean	112	112	5	0.4332	0.0261
30May_2011_Monday_heute-3680	clean	90	90	0	0.1009	0.0077
30May_2011_Monday_heute-3682	clean	87	87	0	0.1662	0.0257
30November_2009_Monday_tagesschau-5758	occluded	171	171	37	0.8937	0.1086
30November_2010_Tuesday_tagesschau-4626	clean	95	95	0	0.1985	0.0270
30November_2010_Tuesday_tagesschau-4627	clean	112	112	0	0.1300	0.0052
30November_2011_Wednesday_tagesschau-6287	clean	213	213	4	0.6859	0.0129
30October_2009_Friday_tagesschau-2269	occluded	107	107	22	0.8866	0.1294
30October_2009_Friday_tagesschau-2270	clean	107	107	3	0.7429	0.0192
30October_2009_Friday_tagesschau-2272	clean	125	125	6	0.3689	0.0331
30September_2009_Wednesday_tagesschau-1765	ambiguous	132	132	11	0.5210	0.0410
30September_2009_Wednesday_tagesschau-1773	occluded	99	99	24	0.9863	0.1769
30September_2009_Wednesday_tagesschau-1774	ambiguous	42	42	3	0.2859	0.0178
30September_2012_Sunday_tagesschau-4032	ambiguous	90	90	6	0.7394	0.0384
31August_2010_Tuesday_heute-3176	occluded	173	173	41	0.7830	0.1311
31August_2010_Tuesday_heute-3177	ambiguous	17	17	0	0.0000	0.0000
31August_2010_Tuesday_heute-3178	clean	280	280	11	0.4358	0.0179
31August_2010_Tuesday_heute-3180	ambiguous	227	227	14	0.6286	0.0244
31August_2010_Tuesday_tagesschau-5167	clean	92	92	3	0.2415	0.0104
31August_2010_Tuesday_tagesschau-5170	ambiguous	112	112	6	0.9674	0.0423
31August_2010_Tuesday_tagesschau-5179	occluded	115	115	13	0.3619	0.0520
31January_2010_Sunday_tagesschau-1327	occluded	89	89	15	0.7379	0.0837
31January_2010_Sunday_tagesschau-1331	ambiguous	132	132	13	0.7087	0.0433
31January_2011_Monday_heute-3048	occluded	202	202	71	0.8987	0.1593
31July_2010_Saturday_tagesschau-2494	clean	113	113	0	0.0000	0.0000
31March_2010_Wednesday_tagesschau-1001	ambiguous	159	159	15	0.7384	0.0486
31May_2011_Tuesday_heute-1905	occluded	309	309	79	0.9849	0.1388
31May_2011_Tuesday_tagesschau-4292	ambiguous	93	93	5	0.3182	0.0387
31October_2009_Saturday_tagesschau-7141	ambiguous	19	19	0	0.0000	0.0000
31October_2009_Saturday_tagesschau-7151	occluded	47	47	13	0.5616	0.1594
